-- phpMyAdmin SQL Dump
-- version 4.9.7
-- https://www.phpmyadmin.net/
--
-- Host: localhost:3306
-- Generation Time: Dec 13, 2021 at 03:28 AM
-- Server version: 10.3.32-MariaDB-log-cll-lve
-- PHP Version: 7.3.32

SET SQL_MODE = "NO_AUTO_VALUE_ON_ZERO";
SET AUTOCOMMIT = 0;
START TRANSACTION;
SET time_zone = "+00:00";


/*!40101 SET @OLD_CHARACTER_SET_CLIENT=@@CHARACTER_SET_CLIENT */;
/*!40101 SET @OLD_CHARACTER_SET_RESULTS=@@CHARACTER_SET_RESULTS */;
/*!40101 SET @OLD_COLLATION_CONNECTION=@@COLLATION_CONNECTION */;
/*!40101 SET NAMES utf8mb4 */;

--
-- Database: `mbtcruys_mlm`
--

-- --------------------------------------------------------

--
-- Table structure for table `bitcoins_log`
--

CREATE TABLE `bitcoins_log` (
  `bl_id` int(11) NOT NULL,
  `bl_log` text NOT NULL,
  `bl_created_at` datetime NOT NULL DEFAULT current_timestamp()
) ENGINE=InnoDB DEFAULT CHARSET=latin1;

-- --------------------------------------------------------

--
-- Table structure for table `countries`
--

CREATE TABLE `countries` (
  `id` int(11) NOT NULL,
  `phone_code` int(5) NOT NULL,
  `country_code` char(2) NOT NULL,
  `country_name` varchar(80) NOT NULL
) ENGINE=InnoDB DEFAULT CHARSET=utf8;

--
-- Dumping data for table `countries`
--

INSERT INTO `countries` (`id`, `phone_code`, `country_code`, `country_name`) VALUES
(1, 93, 'AF', 'Afghanistan'),
(2, 358, 'AX', 'Aland Islands'),
(3, 355, 'AL', 'Albania'),
(4, 213, 'DZ', 'Algeria'),
(5, 1684, 'AS', 'American Samoa'),
(6, 376, 'AD', 'Andorra'),
(7, 244, 'AO', 'Angola'),
(8, 1264, 'AI', 'Anguilla'),
(9, 672, 'AQ', 'Antarctica'),
(10, 1268, 'AG', 'Antigua and Barbuda'),
(11, 54, 'AR', 'Argentina'),
(12, 374, 'AM', 'Armenia'),
(13, 297, 'AW', 'Aruba'),
(14, 61, 'AU', 'Australia'),
(15, 43, 'AT', 'Austria'),
(16, 994, 'AZ', 'Azerbaijan'),
(17, 1242, 'BS', 'Bahamas'),
(18, 973, 'BH', 'Bahrain'),
(19, 880, 'BD', 'Bangladesh'),
(20, 1246, 'BB', 'Barbados'),
(21, 375, 'BY', 'Belarus'),
(22, 32, 'BE', 'Belgium'),
(23, 501, 'BZ', 'Belize'),
(24, 229, 'BJ', 'Benin'),
(25, 1441, 'BM', 'Bermuda'),
(26, 975, 'BT', 'Bhutan'),
(27, 591, 'BO', 'Bolivia'),
(28, 599, 'BQ', 'Bonaire, Sint Eustatius and Saba'),
(29, 387, 'BA', 'Bosnia and Herzegovina'),
(30, 267, 'BW', 'Botswana'),
(31, 55, 'BV', 'Bouvet Island'),
(32, 55, 'BR', 'Brazil'),
(33, 246, 'IO', 'British Indian Ocean Territory'),
(34, 673, 'BN', 'Brunei Darussalam'),
(35, 359, 'BG', 'Bulgaria'),
(36, 226, 'BF', 'Burkina Faso'),
(37, 257, 'BI', 'Burundi'),
(38, 855, 'KH', 'Cambodia'),
(39, 237, 'CM', 'Cameroon'),
(40, 1, 'CA', 'Canada'),
(41, 238, 'CV', 'Cape Verde'),
(42, 1345, 'KY', 'Cayman Islands'),
(43, 236, 'CF', 'Central African Republic'),
(44, 235, 'TD', 'Chad'),
(45, 56, 'CL', 'Chile'),
(46, 86, 'CN', 'China'),
(47, 61, 'CX', 'Christmas Island'),
(48, 672, 'CC', 'Cocos (Keeling) Islands'),
(49, 57, 'CO', 'Colombia'),
(50, 269, 'KM', 'Comoros'),
(51, 242, 'CG', 'Congo'),
(52, 242, 'CD', 'Congo, Democratic Republic of the Congo'),
(53, 682, 'CK', 'Cook Islands'),
(54, 506, 'CR', 'Costa Rica'),
(55, 225, 'CI', 'Cote D\'Ivoire'),
(56, 385, 'HR', 'Croatia'),
(57, 53, 'CU', 'Cuba'),
(58, 599, 'CW', 'Curacao'),
(59, 357, 'CY', 'Cyprus'),
(60, 420, 'CZ', 'Czech Republic'),
(61, 45, 'DK', 'Denmark'),
(62, 253, 'DJ', 'Djibouti'),
(63, 1767, 'DM', 'Dominica'),
(64, 1809, 'DO', 'Dominican Republic'),
(65, 593, 'EC', 'Ecuador'),
(66, 20, 'EG', 'Egypt'),
(67, 503, 'SV', 'El Salvador'),
(68, 240, 'GQ', 'Equatorial Guinea'),
(69, 291, 'ER', 'Eritrea'),
(70, 372, 'EE', 'Estonia'),
(71, 251, 'ET', 'Ethiopia'),
(72, 500, 'FK', 'Falkland Islands (Malvinas)'),
(73, 298, 'FO', 'Faroe Islands'),
(74, 679, 'FJ', 'Fiji'),
(75, 358, 'FI', 'Finland'),
(76, 33, 'FR', 'France'),
(77, 594, 'GF', 'French Guiana'),
(78, 689, 'PF', 'French Polynesia'),
(79, 262, 'TF', 'French Southern Territories'),
(80, 241, 'GA', 'Gabon'),
(81, 220, 'GM', 'Gambia'),
(82, 995, 'GE', 'Georgia'),
(83, 49, 'DE', 'Germany'),
(84, 233, 'GH', 'Ghana'),
(85, 350, 'GI', 'Gibraltar'),
(86, 30, 'GR', 'Greece'),
(87, 299, 'GL', 'Greenland'),
(88, 1473, 'GD', 'Grenada'),
(89, 590, 'GP', 'Guadeloupe'),
(90, 1671, 'GU', 'Guam'),
(91, 502, 'GT', 'Guatemala'),
(92, 44, 'GG', 'Guernsey'),
(93, 224, 'GN', 'Guinea'),
(94, 245, 'GW', 'Guinea-Bissau'),
(95, 592, 'GY', 'Guyana'),
(96, 509, 'HT', 'Haiti'),
(97, 0, 'HM', 'Heard Island and Mcdonald Islands'),
(98, 39, 'VA', 'Holy See (Vatican City State)'),
(99, 504, 'HN', 'Honduras'),
(100, 852, 'HK', 'Hong Kong'),
(101, 36, 'HU', 'Hungary'),
(102, 354, 'IS', 'Iceland'),
(103, 91, 'IN', 'India'),
(104, 62, 'ID', 'Indonesia'),
(105, 98, 'IR', 'Iran, Islamic Republic of'),
(106, 964, 'IQ', 'Iraq'),
(107, 353, 'IE', 'Ireland'),
(108, 44, 'IM', 'Isle of Man'),
(109, 972, 'IL', 'Israel'),
(110, 39, 'IT', 'Italy'),
(111, 1876, 'JM', 'Jamaica'),
(112, 81, 'JP', 'Japan'),
(113, 44, 'JE', 'Jersey'),
(114, 962, 'JO', 'Jordan'),
(115, 7, 'KZ', 'Kazakhstan'),
(116, 254, 'KE', 'Kenya'),
(117, 686, 'KI', 'Kiribati'),
(118, 850, 'KP', 'Korea, Democratic People\'s Republic of'),
(119, 82, 'KR', 'Korea, Republic of'),
(120, 381, 'XK', 'Kosovo'),
(121, 965, 'KW', 'Kuwait'),
(122, 996, 'KG', 'Kyrgyzstan'),
(123, 856, 'LA', 'Lao People\'s Democratic Republic'),
(124, 371, 'LV', 'Latvia'),
(125, 961, 'LB', 'Lebanon'),
(126, 266, 'LS', 'Lesotho'),
(127, 231, 'LR', 'Liberia'),
(128, 218, 'LY', 'Libyan Arab Jamahiriya'),
(129, 423, 'LI', 'Liechtenstein'),
(130, 370, 'LT', 'Lithuania'),
(131, 352, 'LU', 'Luxembourg'),
(132, 853, 'MO', 'Macao'),
(133, 389, 'MK', 'Macedonia, the Former Yugoslav Republic of'),
(134, 261, 'MG', 'Madagascar'),
(135, 265, 'MW', 'Malawi'),
(136, 60, 'MY', 'Malaysia'),
(137, 960, 'MV', 'Maldives'),
(138, 223, 'ML', 'Mali'),
(139, 356, 'MT', 'Malta'),
(140, 692, 'MH', 'Marshall Islands'),
(141, 596, 'MQ', 'Martinique'),
(142, 222, 'MR', 'Mauritania'),
(143, 230, 'MU', 'Mauritius'),
(144, 269, 'YT', 'Mayotte'),
(145, 52, 'MX', 'Mexico'),
(146, 691, 'FM', 'Micronesia, Federated States of'),
(147, 373, 'MD', 'Moldova, Republic of'),
(148, 377, 'MC', 'Monaco'),
(149, 976, 'MN', 'Mongolia'),
(150, 382, 'ME', 'Montenegro'),
(151, 1664, 'MS', 'Montserrat'),
(152, 212, 'MA', 'Morocco'),
(153, 258, 'MZ', 'Mozambique'),
(154, 95, 'MM', 'Myanmar'),
(155, 264, 'NA', 'Namibia'),
(156, 674, 'NR', 'Nauru'),
(157, 977, 'NP', 'Nepal'),
(158, 31, 'NL', 'Netherlands'),
(159, 599, 'AN', 'Netherlands Antilles'),
(160, 687, 'NC', 'New Caledonia'),
(161, 64, 'NZ', 'New Zealand'),
(162, 505, 'NI', 'Nicaragua'),
(163, 227, 'NE', 'Niger'),
(164, 234, 'NG', 'Nigeria'),
(165, 683, 'NU', 'Niue'),
(166, 672, 'NF', 'Norfolk Island'),
(167, 1670, 'MP', 'Northern Mariana Islands'),
(168, 47, 'NO', 'Norway'),
(169, 968, 'OM', 'Oman'),
(170, 92, 'PK', 'Pakistan'),
(171, 680, 'PW', 'Palau'),
(172, 970, 'PS', 'Palestinian Territory, Occupied'),
(173, 507, 'PA', 'Panama'),
(174, 675, 'PG', 'Papua New Guinea'),
(175, 595, 'PY', 'Paraguay'),
(176, 51, 'PE', 'Peru'),
(177, 63, 'PH', 'Philippines'),
(178, 64, 'PN', 'Pitcairn'),
(179, 48, 'PL', 'Poland'),
(180, 351, 'PT', 'Portugal'),
(181, 1787, 'PR', 'Puerto Rico'),
(182, 974, 'QA', 'Qatar'),
(183, 262, 'RE', 'Reunion'),
(184, 40, 'RO', 'Romania'),
(185, 70, 'RU', 'Russian Federation'),
(186, 250, 'RW', 'Rwanda'),
(187, 590, 'BL', 'Saint Barthelemy'),
(188, 290, 'SH', 'Saint Helena'),
(189, 1869, 'KN', 'Saint Kitts and Nevis'),
(190, 1758, 'LC', 'Saint Lucia'),
(191, 590, 'MF', 'Saint Martin'),
(192, 508, 'PM', 'Saint Pierre and Miquelon'),
(193, 1784, 'VC', 'Saint Vincent and the Grenadines'),
(194, 684, 'WS', 'Samoa'),
(195, 378, 'SM', 'San Marino'),
(196, 239, 'ST', 'Sao Tome and Principe'),
(197, 966, 'SA', 'Saudi Arabia'),
(198, 221, 'SN', 'Senegal'),
(199, 381, 'RS', 'Serbia'),
(200, 381, 'CS', 'Serbia and Montenegro'),
(201, 248, 'SC', 'Seychelles'),
(202, 232, 'SL', 'Sierra Leone'),
(203, 65, 'SG', 'Singapore'),
(204, 1, 'SX', 'Sint Maarten'),
(205, 421, 'SK', 'Slovakia'),
(206, 386, 'SI', 'Slovenia'),
(207, 677, 'SB', 'Solomon Islands'),
(208, 252, 'SO', 'Somalia'),
(209, 27, 'ZA', 'South Africa'),
(210, 500, 'GS', 'South Georgia and the South Sandwich Islands'),
(211, 211, 'SS', 'South Sudan'),
(212, 34, 'ES', 'Spain'),
(213, 94, 'LK', 'Sri Lanka'),
(214, 249, 'SD', 'Sudan'),
(215, 597, 'SR', 'Suriname'),
(216, 47, 'SJ', 'Svalbard and Jan Mayen'),
(217, 268, 'SZ', 'Swaziland'),
(218, 46, 'SE', 'Sweden'),
(219, 41, 'CH', 'Switzerland'),
(220, 963, 'SY', 'Syrian Arab Republic'),
(221, 886, 'TW', 'Taiwan, Province of China'),
(222, 992, 'TJ', 'Tajikistan'),
(223, 255, 'TZ', 'Tanzania, United Republic of'),
(224, 66, 'TH', 'Thailand'),
(225, 670, 'TL', 'Timor-Leste'),
(226, 228, 'TG', 'Togo'),
(227, 690, 'TK', 'Tokelau'),
(228, 676, 'TO', 'Tonga'),
(229, 1868, 'TT', 'Trinidad and Tobago'),
(230, 216, 'TN', 'Tunisia'),
(231, 90, 'TR', 'Turkey'),
(232, 7370, 'TM', 'Turkmenistan'),
(233, 1649, 'TC', 'Turks and Caicos Islands'),
(234, 688, 'TV', 'Tuvalu'),
(235, 256, 'UG', 'Uganda'),
(236, 380, 'UA', 'Ukraine'),
(237, 971, 'AE', 'United Arab Emirates'),
(238, 44, 'GB', 'United Kingdom'),
(239, 1, 'US', 'United States'),
(240, 1, 'UM', 'United States Minor Outlying Islands'),
(241, 598, 'UY', 'Uruguay'),
(242, 998, 'UZ', 'Uzbekistan'),
(243, 678, 'VU', 'Vanuatu'),
(244, 58, 'VE', 'Venezuela'),
(245, 84, 'VN', 'Viet Nam'),
(246, 1284, 'VG', 'Virgin Islands, British'),
(247, 1340, 'VI', 'Virgin Islands, U.s.'),
(248, 681, 'WF', 'Wallis and Futuna'),
(249, 212, 'EH', 'Western Sahara'),
(250, 967, 'YE', 'Yemen'),
(251, 260, 'ZM', 'Zambia'),
(252, 263, 'ZW', 'Zimbabwe');

-- --------------------------------------------------------

--
-- Table structure for table `daily_earnings`
--

CREATE TABLE `daily_earnings` (
  `de_id` int(11) NOT NULL,
  `de_user_id` int(11) NOT NULL,
  `de_earning` varchar(50) NOT NULL,
  `de_source` varchar(155) NOT NULL,
  `referral_from` int(11) DEFAULT NULL COMMENT 'its user_id',
  `de_date` date NOT NULL,
  `de_time` varchar(255) DEFAULT NULL,
  `created_at` datetime NOT NULL DEFAULT current_timestamp(),
  `updated_at` datetime NOT NULL DEFAULT current_timestamp() ON UPDATE current_timestamp()
) ENGINE=InnoDB DEFAULT CHARSET=latin1;

--
-- Dumping data for table `daily_earnings`
--

INSERT INTO `daily_earnings` (`de_id`, `de_user_id`, `de_earning`, `de_source`, `referral_from`, `de_date`, `de_time`, `created_at`, `updated_at`) VALUES
(18949, 539, '0', 'Roi', NULL, '0000-00-00', '1637217810', '2021-11-24 23:16:23', '2021-11-24 23:16:59'),
(18950, 627, '0', 'Roi', NULL, '0000-00-00', '1637222105', '2021-11-24 23:16:23', '2021-11-24 23:16:59'),
(18951, 539, '8', 'Referal Bonus', NULL, '2021-11-17', NULL, '2021-11-24 23:16:23', '2021-11-24 23:16:59'),
(18952, 628, '0', 'Roi', NULL, '0000-00-00', '1637222953', '2021-11-24 23:16:23', '2021-11-24 23:16:59'),
(18953, 629, '0', 'Roi', NULL, '0000-00-00', '1637223188', '2021-11-24 23:16:23', '2021-11-24 23:16:59'),
(18954, 628, '2.4', 'Referal Bonus', NULL, '2021-11-18', NULL, '2021-11-24 23:16:23', '2021-11-24 23:16:59'),
(18955, 623, '0', 'Roi', NULL, '0000-00-00', '1637223688', '2021-11-24 23:16:23', '2021-11-24 23:16:59'),
(18956, 539, '2.4', 'Referal Bonus', NULL, '2021-11-18', NULL, '2021-11-24 23:16:23', '2021-11-24 23:16:59'),
(18957, 630, '0', 'Roi', NULL, '0000-00-00', '1637225949', '2021-11-24 23:16:23', '2021-11-24 23:16:59'),
(18958, 628, '8', 'Referal Bonus', NULL, '2021-11-18', NULL, '2021-11-24 23:16:23', '2021-11-24 23:16:59'),
(18959, 635, '0', 'Roi', NULL, '0000-00-00', '1637226237', '2021-11-24 23:16:23', '2021-11-24 23:16:59'),
(18960, 630, '8', 'Referal Bonus', NULL, '2021-11-18', NULL, '2021-11-24 23:16:23', '2021-11-24 23:16:59'),
(18961, 628, '2.1', 'Binary Bonus', NULL, '2021-11-18', NULL, '2021-11-24 23:16:23', '2021-11-24 23:16:59'),
(18962, 657, '0', 'Roi', NULL, '0000-00-00', '1637246642', '2021-11-24 23:16:23', '2021-11-24 23:16:59'),
(18963, 629, '4', 'Referal Bonus', NULL, '2021-11-18', NULL, '2021-11-24 23:16:23', '2021-11-24 23:16:59'),
(18964, 658, '0', 'Roi', NULL, '0000-00-00', '1637247163', '2021-11-24 23:16:23', '2021-11-24 23:16:59'),
(18965, 657, '2.4', 'Referal Bonus', NULL, '2021-11-18', NULL, '2021-11-24 23:16:23', '2021-11-24 23:16:59'),
(18966, 660, '0', 'Roi', NULL, '0000-00-00', '1637247418', '2021-11-24 23:16:23', '2021-11-24 23:16:59'),
(18967, 658, '2.4', 'Referal Bonus', NULL, '2021-11-18', NULL, '2021-11-24 23:16:23', '2021-11-24 23:16:59'),
(18968, 661, '0', 'Roi', NULL, '0000-00-00', '1637248008', '2021-11-24 23:16:23', '2021-11-24 23:16:59'),
(18969, 660, '8', 'Referal Bonus', NULL, '2021-11-18', NULL, '2021-11-24 23:16:23', '2021-11-24 23:16:59'),
(18970, 628, '11.9', 'Binary Bonus', NULL, '2021-11-18', NULL, '2021-11-24 23:16:23', '2021-11-24 23:16:59'),
(18971, 662, '0', 'Roi', NULL, '0000-00-00', '1637249248', '2021-11-24 23:16:23', '2021-11-24 23:16:59'),
(18972, 661, '2.4', 'Referal Bonus', NULL, '2021-11-18', NULL, '2021-11-24 23:16:23', '2021-11-24 23:16:59'),
(18973, 663, '0', 'Roi', NULL, '0000-00-00', '1637249330', '2021-11-24 23:16:23', '2021-11-24 23:16:59'),
(18974, 662, '2.4', 'Referal Bonus', NULL, '2021-11-18', NULL, '2021-11-24 23:16:23', '2021-11-24 23:16:59'),
(18975, 648, '0', 'Roi', NULL, '0000-00-00', '1637256048', '2021-11-24 23:16:23', '2021-11-24 23:16:59'),
(18976, 670, '0', 'Roi', NULL, '0000-00-00', '1637256220', '2021-11-24 23:16:23', '2021-11-24 23:16:59'),
(18977, 648, '8', 'Referal Bonus', NULL, '2021-11-18', NULL, '2021-11-24 23:16:23', '2021-11-24 23:16:59'),
(18978, 668, '0', 'Roi', NULL, '0000-00-00', '1637256337', '2021-11-24 23:16:23', '2021-11-24 23:16:59'),
(18979, 669, '0', 'Roi', NULL, '0000-00-00', '1637256476', '2021-11-24 23:16:23', '2021-11-24 23:16:59'),
(18980, 667, '0', 'Roi', NULL, '0000-00-00', '1637256557', '2021-11-24 23:16:23', '2021-11-24 23:16:59'),
(18981, 628, '7', 'Binary Bonus', NULL, '2021-11-18', NULL, '2021-11-24 23:16:23', '2021-11-24 23:16:59'),
(18982, 628, '5.6', 'Referal Bonus', NULL, '2021-11-18', NULL, '2021-11-24 23:16:23', '2021-11-24 23:16:59'),
(18983, 628, '4.9', 'Binary Bonus', NULL, '2021-11-18', NULL, '2021-11-24 23:16:23', '2021-11-24 23:16:59'),
(18984, 665, '0', 'Roi', NULL, '0000-00-00', '1637257553', '2021-11-24 23:16:23', '2021-11-24 23:16:59'),
(18985, 648, '8', 'Referal Bonus', NULL, '2021-11-18', NULL, '2021-11-24 23:16:23', '2021-11-24 23:16:59'),
(18986, 665, '56', 'Binary Bonus', NULL, '2021-11-18', NULL, '2021-11-24 23:16:23', '2021-11-24 23:16:59'),
(18988, 681, '0', 'Roi', NULL, '0000-00-00', '1637260733', '2021-11-24 23:16:23', '2021-11-24 23:16:59'),
(18989, 674, '300', 'Referal Bonus', NULL, '2021-11-18', NULL, '2021-11-24 23:16:23', '2021-11-24 23:16:59'),
(18990, 674, '0', 'Roi', NULL, '0000-00-00', '1637261382', '2021-11-24 23:16:23', '2021-11-24 23:16:59'),
(18991, 628, '0.5', 'Roi', NULL, '2021-11-19', NULL, '2021-11-24 23:16:23', '2021-11-24 23:16:59'),
(18992, 623, '0.15', 'Roi', NULL, '2021-11-19', NULL, '2021-11-24 23:16:23', '2021-11-24 23:16:59'),
(18993, 629, '0.5', 'Roi', NULL, '2021-11-19', NULL, '2021-11-24 23:16:23', '2021-11-24 23:16:59'),
(18994, 664, '0', 'Roi', NULL, '0000-00-00', '1637317683', '2021-11-24 23:16:23', '2021-11-24 23:16:59'),
(18995, 648, '80', 'Referal Bonus', NULL, '2021-11-19', NULL, '2021-11-24 23:16:23', '2021-11-24 23:16:59'),
(18996, 539, '75', 'Roi', NULL, '2021-11-18', NULL, '2021-11-24 23:16:23', '2021-11-24 23:16:59'),
(18997, 539, '75', 'Roi', NULL, '2021-11-19', NULL, '2021-11-24 23:16:23', '2021-11-24 23:16:59'),
(18998, 653, '0', 'Roi', NULL, '0000-00-00', '1637330158', '2021-11-24 23:16:23', '2021-11-24 23:16:59'),
(18999, 648, '8', 'Referal Bonus', NULL, '2021-11-19', NULL, '2021-11-24 23:16:23', '2021-11-24 23:16:59'),
(19000, 648, '100', 'Binary Bonus', NULL, '2021-11-19', NULL, '2021-11-24 23:16:23', '2021-11-24 23:16:59'),
(19001, 623, '8', 'Referal Bonus', NULL, '2021-11-20', NULL, '2021-11-24 23:16:23', '2021-11-24 23:16:59'),
(19002, 683, '8', 'Referal Bonus', NULL, '2021-11-20', NULL, '2021-11-24 23:16:23', '2021-11-24 23:16:59'),
(19003, 629, '8', 'Referal Bonus', NULL, '2021-11-21', NULL, '2021-11-24 23:16:23', '2021-11-24 23:16:59'),
(19004, 646, '2.4', 'Referal Bonus', NULL, '2021-11-21', NULL, '2021-11-24 23:16:23', '2021-11-24 23:16:59'),
(19005, 628, '9.1', 'Binary Bonus', NULL, '2021-11-21', NULL, '2021-11-24 23:16:23', '2021-11-24 23:16:59'),
(19006, 629, '2.4', 'Referal Bonus', NULL, '2021-11-21', NULL, '2021-11-24 23:16:23', '2021-11-24 23:16:59'),
(19007, 628, '2.1', 'Binary Bonus', NULL, '2021-11-21', NULL, '2021-11-24 23:16:23', '2021-11-24 23:16:59'),
(19008, 539, '75', 'Roi', NULL, '2021-11-22', NULL, '2021-11-24 23:16:23', '2021-11-24 23:16:59'),
(19009, 627, '0.5', 'Roi', NULL, '2021-11-22', NULL, '2021-11-24 23:16:23', '2021-11-24 23:16:59'),
(19010, 628, '0.5', 'Roi', NULL, '2021-11-22', NULL, '2021-11-24 23:16:23', '2021-11-24 23:16:59'),
(19011, 629, '0.5', 'Roi', NULL, '2021-11-22', NULL, '2021-11-24 23:16:23', '2021-11-24 23:16:59'),
(19012, 623, '0.15', 'Roi', NULL, '2021-11-22', NULL, '2021-11-24 23:16:23', '2021-11-24 23:16:59'),
(19013, 630, '0.5', 'Roi', NULL, '2021-11-22', NULL, '2021-11-24 23:16:23', '2021-11-24 23:16:59'),
(19014, 635, '0.5', 'Roi', NULL, '2021-11-22', NULL, '2021-11-24 23:16:23', '2021-11-24 23:16:59'),
(19015, 657, '0.25', 'Roi', NULL, '2021-11-22', NULL, '2021-11-24 23:16:23', '2021-11-24 23:16:59'),
(19016, 658, '0.15', 'Roi', NULL, '2021-11-22', NULL, '2021-11-24 23:16:23', '2021-11-24 23:16:59'),
(19017, 660, '0.15', 'Roi', NULL, '2021-11-22', NULL, '2021-11-24 23:16:23', '2021-11-24 23:16:59'),
(19018, 661, '0.5', 'Roi', NULL, '2021-11-22', NULL, '2021-11-24 23:16:23', '2021-11-24 23:16:59'),
(19019, 662, '0.15', 'Roi', NULL, '2021-11-22', NULL, '2021-11-24 23:16:23', '2021-11-24 23:16:59'),
(19020, 663, '0.15', 'Roi', NULL, '2021-11-22', NULL, '2021-11-24 23:16:23', '2021-11-24 23:16:59'),
(19021, 648, '0.5', 'Roi', NULL, '2021-11-22', NULL, '2021-11-24 23:16:23', '2021-11-24 23:16:59'),
(19022, 670, '0.5', 'Roi', NULL, '2021-11-22', NULL, '2021-11-24 23:16:23', '2021-11-24 23:16:59'),
(19023, 668, '0.5', 'Roi', NULL, '2021-11-22', NULL, '2021-11-24 23:16:23', '2021-11-24 23:16:59'),
(19024, 669, '4.2', 'Roi', NULL, '2021-11-22', NULL, '2021-11-24 23:16:23', '2021-11-24 23:16:59'),
(19025, 667, '7', 'Roi', NULL, '2021-11-22', NULL, '2021-11-24 23:16:23', '2021-11-24 23:16:59'),
(19026, 665, '0.5', 'Roi', NULL, '2021-11-22', NULL, '2021-11-24 23:16:23', '2021-11-24 23:16:59'),
(19027, 681, '53.25', 'Roi', NULL, '2021-11-22', NULL, '2021-11-24 23:16:23', '2021-11-24 23:16:59'),
(19028, 674, '1.5', 'Roi', NULL, '2021-11-22', NULL, '2021-11-24 23:16:23', '2021-11-24 23:16:59'),
(19029, 664, '7', 'Roi', NULL, '2021-11-22', NULL, '2021-11-24 23:16:23', '2021-11-24 23:16:59'),
(19030, 653, '0.5', 'Roi', NULL, '2021-11-22', NULL, '2021-11-24 23:16:23', '2021-11-24 23:16:59'),
(19031, 683, '0.5', 'Roi', NULL, '2021-11-22', NULL, '2021-11-24 23:16:23', '2021-11-24 23:16:59'),
(19032, 684, '0.5', 'Roi', NULL, '2021-11-22', NULL, '2021-11-24 23:16:23', '2021-11-24 23:16:59'),
(19033, 648, '8', 'Referal Bonus', 694, '2021-11-22', NULL, '2021-11-24 23:16:23', '2021-11-24 23:16:59'),
(19034, 648, '8', 'Referal Bonus', 695, '2021-11-22', NULL, '2021-11-24 23:16:23', '2021-11-24 23:16:59'),
(19035, 648, '14', 'Binary Bonus', NULL, '2021-11-22', NULL, '2021-11-24 23:16:23', '2021-11-24 23:16:59'),
(19036, 539, '75', 'Roi', NULL, '2021-11-23', NULL, '2021-11-24 23:16:23', '2021-11-24 23:16:59'),
(19037, 665, '14', 'Binary Bonus', NULL, '2021-11-23', NULL, '2021-11-24 23:16:23', '2021-11-24 23:16:59'),
(19039, 539, '75', 'Roi', NULL, '2021-11-24', NULL, '2021-11-24 23:16:23', '2021-11-24 23:16:59'),
(19040, 627, '0.5', 'Roi', NULL, '2021-11-24', NULL, '2021-11-24 23:16:23', '2021-11-24 23:16:59'),
(19041, 628, '0.5', 'Roi', NULL, '2021-11-24', NULL, '2021-11-24 23:16:23', '2021-11-24 23:16:59'),
(19042, 629, '0.5', 'Roi', NULL, '2021-11-24', NULL, '2021-11-24 23:16:23', '2021-11-24 23:16:59'),
(19043, 623, '0.15', 'Roi', NULL, '2021-11-24', NULL, '2021-11-24 23:16:23', '2021-11-24 23:16:59'),
(19044, 630, '0.5', 'Roi', NULL, '2021-11-24', NULL, '2021-11-24 23:16:23', '2021-11-24 23:16:59'),
(19045, 635, '0.5', 'Roi', NULL, '2021-11-24', NULL, '2021-11-24 23:16:23', '2021-11-24 23:16:59'),
(19046, 657, '0.25', 'Roi', NULL, '2021-11-24', NULL, '2021-11-24 23:16:23', '2021-11-24 23:16:59'),
(19047, 658, '0.15', 'Roi', NULL, '2021-11-24', NULL, '2021-11-24 23:16:23', '2021-11-24 23:16:59'),
(19048, 660, '0.15', 'Roi', NULL, '2021-11-24', NULL, '2021-11-24 23:16:23', '2021-11-24 23:16:59'),
(19049, 661, '0.5', 'Roi', NULL, '2021-11-24', NULL, '2021-11-24 23:16:23', '2021-11-24 23:16:59'),
(19050, 662, '0.15', 'Roi', NULL, '2021-11-24', NULL, '2021-11-24 23:16:23', '2021-11-24 23:16:59'),
(19051, 663, '0.15', 'Roi', NULL, '2021-11-24', NULL, '2021-11-24 23:16:23', '2021-11-24 23:16:59'),
(19052, 648, '0.5', 'Roi', NULL, '2021-11-24', NULL, '2021-11-24 23:16:23', '2021-11-24 23:16:59'),
(19053, 670, '0.5', 'Roi', NULL, '2021-11-24', NULL, '2021-11-24 23:16:23', '2021-11-24 23:16:59'),
(19054, 668, '0.5', 'Roi', NULL, '2021-11-24', NULL, '2021-11-24 23:16:23', '2021-11-24 23:16:59'),
(19055, 669, '4.2', 'Roi', NULL, '2021-11-24', NULL, '2021-11-24 23:16:23', '2021-11-24 23:16:59'),
(19056, 667, '7', 'Roi', NULL, '2021-11-24', NULL, '2021-11-24 23:16:23', '2021-11-24 23:16:59'),
(19057, 665, '0.5', 'Roi', NULL, '2021-11-24', NULL, '2021-11-24 23:16:23', '2021-11-24 23:16:59'),
(19058, 681, '53.25', 'Roi', NULL, '2021-11-24', NULL, '2021-11-24 23:16:23', '2021-11-24 23:16:59'),
(19059, 674, '1.5', 'Roi', NULL, '2021-11-24', NULL, '2021-11-24 23:16:23', '2021-11-24 23:16:59'),
(19060, 664, '7', 'Roi', NULL, '2021-11-24', NULL, '2021-11-24 23:16:23', '2021-11-24 23:16:59'),
(19061, 653, '0.5', 'Roi', NULL, '2021-11-24', NULL, '2021-11-24 23:16:23', '2021-11-24 23:16:59'),
(19062, 683, '0.5', 'Roi', NULL, '2021-11-24', NULL, '2021-11-24 23:16:23', '2021-11-24 23:16:59'),
(19063, 684, '0.5', 'Roi', NULL, '2021-11-24', NULL, '2021-11-24 23:16:23', '2021-11-24 23:16:59'),
(19064, 646, '0.5', 'Roi', NULL, '2021-11-24', NULL, '2021-11-24 23:16:23', '2021-11-24 23:16:59'),
(19065, 693, '0.15', 'Roi', NULL, '2021-11-24', NULL, '2021-11-24 23:16:23', '2021-11-24 23:16:59'),
(19066, 651, '0.15', 'Roi', NULL, '2021-11-24', NULL, '2021-11-24 23:16:23', '2021-11-24 23:16:59'),
(19067, 694, '0.5', 'Roi', NULL, '2021-11-24', NULL, '2021-11-24 23:16:23', '2021-11-24 23:16:59'),
(19068, 695, '0.5', 'Roi', NULL, '2021-11-24', NULL, '2021-11-24 23:16:23', '2021-11-24 23:16:59'),
(19069, 539, '75', 'Roi', NULL, '2021-11-24', NULL, '2021-11-24 23:16:23', '2021-11-24 23:16:59'),
(19070, 627, '0.5', 'Roi', NULL, '2021-11-24', NULL, '2021-11-24 23:16:23', '2021-11-24 23:16:59'),
(19071, 628, '0.5', 'Roi', NULL, '2021-11-24', NULL, '2021-11-24 23:16:23', '2021-11-24 23:16:59'),
(19072, 629, '0.5', 'Roi', NULL, '2021-11-24', NULL, '2021-11-24 23:16:23', '2021-11-24 23:16:59'),
(19073, 623, '0.15', 'Roi', NULL, '2021-11-24', NULL, '2021-11-24 23:16:23', '2021-11-24 23:16:59'),
(19074, 630, '0.5', 'Roi', NULL, '2021-11-24', NULL, '2021-11-24 23:16:23', '2021-11-24 23:16:59'),
(19075, 635, '0.5', 'Roi', NULL, '2021-11-24', NULL, '2021-11-24 23:16:23', '2021-11-24 23:16:59'),
(19076, 657, '0.25', 'Roi', NULL, '2021-11-24', NULL, '2021-11-24 23:16:23', '2021-11-24 23:16:59'),
(19077, 658, '0.15', 'Roi', NULL, '2021-11-24', NULL, '2021-11-24 23:16:23', '2021-11-24 23:16:59'),
(19078, 660, '0.15', 'Roi', NULL, '2021-11-24', NULL, '2021-11-24 23:16:23', '2021-11-24 23:16:59'),
(19079, 661, '0.5', 'Roi', NULL, '2021-11-24', NULL, '2021-11-24 23:16:23', '2021-11-24 23:16:59'),
(19080, 662, '0.15', 'Roi', NULL, '2021-11-24', NULL, '2021-11-24 23:16:23', '2021-11-24 23:16:59'),
(19081, 663, '0.15', 'Roi', NULL, '2021-11-24', NULL, '2021-11-24 23:16:23', '2021-11-24 23:16:59'),
(19082, 648, '0.5', 'Roi', NULL, '2021-11-24', NULL, '2021-11-24 23:16:23', '2021-11-24 23:16:59'),
(19083, 670, '0.5', 'Roi', NULL, '2021-11-24', NULL, '2021-11-24 23:16:23', '2021-11-24 23:16:59'),
(19084, 668, '0.5', 'Roi', NULL, '2021-11-24', NULL, '2021-11-24 23:16:23', '2021-11-24 23:16:59'),
(19085, 669, '4.2', 'Roi', NULL, '2021-11-24', NULL, '2021-11-24 23:16:23', '2021-11-24 23:16:59'),
(19086, 667, '7', 'Roi', NULL, '2021-11-24', NULL, '2021-11-24 23:16:23', '2021-11-24 23:16:59'),
(19087, 665, '0.5', 'Roi', NULL, '2021-11-24', NULL, '2021-11-24 23:16:23', '2021-11-24 23:16:59'),
(19088, 681, '53.25', 'Roi', NULL, '2021-11-24', NULL, '2021-11-24 23:16:23', '2021-11-24 23:16:59'),
(19089, 674, '1.5', 'Roi', NULL, '2021-11-24', NULL, '2021-11-24 23:16:23', '2021-11-24 23:16:59'),
(19090, 664, '7', 'Roi', NULL, '2021-11-24', NULL, '2021-11-24 23:16:23', '2021-11-24 23:16:59'),
(19091, 653, '0.5', 'Roi', NULL, '2021-11-24', NULL, '2021-11-24 23:16:23', '2021-11-24 23:16:59'),
(19092, 683, '0.5', 'Roi', NULL, '2021-11-24', NULL, '2021-11-24 23:16:23', '2021-11-24 23:16:59'),
(19093, 684, '0.5', 'Roi', NULL, '2021-11-24', NULL, '2021-11-24 23:16:23', '2021-11-24 23:16:59'),
(19094, 646, '0.5', 'Roi', NULL, '2021-11-24', NULL, '2021-11-24 23:16:23', '2021-11-24 23:16:59'),
(19095, 693, '0.15', 'Roi', NULL, '2021-11-24', NULL, '2021-11-24 23:16:23', '2021-11-24 23:16:59'),
(19096, 651, '0.15', 'Roi', NULL, '2021-11-24', NULL, '2021-11-24 23:16:23', '2021-11-24 23:16:59'),
(19097, 694, '0.5', 'Roi', NULL, '2021-11-24', NULL, '2021-11-24 23:16:23', '2021-11-24 23:16:59'),
(19098, 695, '0.5', 'Roi', NULL, '2021-11-24', NULL, '2021-11-24 23:16:23', '2021-11-24 23:16:59'),
(19099, 539, '75', 'Roi', NULL, '2021-11-25', NULL, '2021-11-24 23:18:05', '2021-11-24 23:18:05'),
(19100, 627, '0.5', 'Roi', NULL, '2021-11-25', NULL, '2021-11-24 23:18:05', '2021-11-24 23:18:05'),
(19101, 628, '0.5', 'Roi', NULL, '2021-11-25', NULL, '2021-11-24 23:18:05', '2021-11-24 23:18:05'),
(19102, 629, '0.5', 'Roi', NULL, '2021-11-25', NULL, '2021-11-24 23:18:05', '2021-11-24 23:18:05'),
(19103, 623, '0.15', 'Roi', NULL, '2021-11-25', NULL, '2021-11-24 23:18:05', '2021-11-24 23:18:05'),
(19104, 630, '0.5', 'Roi', NULL, '2021-11-25', NULL, '2021-11-24 23:18:05', '2021-11-24 23:18:05'),
(19105, 635, '0.5', 'Roi', NULL, '2021-11-25', NULL, '2021-11-24 23:18:05', '2021-11-24 23:18:05'),
(19106, 657, '0.25', 'Roi', NULL, '2021-11-25', NULL, '2021-11-24 23:18:05', '2021-11-24 23:18:05'),
(19107, 658, '0.15', 'Roi', NULL, '2021-11-25', NULL, '2021-11-24 23:18:05', '2021-11-24 23:18:05'),
(19108, 660, '0.15', 'Roi', NULL, '2021-11-25', NULL, '2021-11-24 23:18:05', '2021-11-24 23:18:05'),
(19109, 661, '0.5', 'Roi', NULL, '2021-11-25', NULL, '2021-11-24 23:18:05', '2021-11-24 23:18:05'),
(19110, 662, '0.15', 'Roi', NULL, '2021-11-25', NULL, '2021-11-24 23:18:05', '2021-11-24 23:18:05'),
(19111, 663, '0.15', 'Roi', NULL, '2021-11-25', NULL, '2021-11-24 23:18:05', '2021-11-24 23:18:05'),
(19112, 648, '0.5', 'Roi', NULL, '2021-11-25', NULL, '2021-11-24 23:18:05', '2021-11-24 23:18:05'),
(19113, 670, '0.5', 'Roi', NULL, '2021-11-25', NULL, '2021-11-24 23:18:05', '2021-11-24 23:18:05'),
(19114, 668, '0.5', 'Roi', NULL, '2021-11-25', NULL, '2021-11-24 23:18:05', '2021-11-24 23:18:05'),
(19115, 669, '4.2', 'Roi', NULL, '2021-11-25', NULL, '2021-11-24 23:18:05', '2021-11-24 23:18:05'),
(19116, 667, '7', 'Roi', NULL, '2021-11-25', NULL, '2021-11-24 23:18:05', '2021-11-24 23:18:05'),
(19117, 665, '0.5', 'Roi', NULL, '2021-11-25', NULL, '2021-11-24 23:18:05', '2021-11-24 23:18:05'),
(19118, 681, '53.25', 'Roi', NULL, '2021-11-25', NULL, '2021-11-24 23:18:05', '2021-11-24 23:18:05'),
(19119, 674, '1.5', 'Roi', NULL, '2021-11-25', NULL, '2021-11-24 23:18:05', '2021-11-24 23:18:05'),
(19120, 664, '7', 'Roi', NULL, '2021-11-25', NULL, '2021-11-24 23:18:05', '2021-11-24 23:18:05'),
(19121, 653, '0.5', 'Roi', NULL, '2021-11-25', NULL, '2021-11-24 23:18:05', '2021-11-24 23:18:05'),
(19122, 683, '0.5', 'Roi', NULL, '2021-11-25', NULL, '2021-11-24 23:18:05', '2021-11-24 23:18:05'),
(19123, 684, '0.5', 'Roi', NULL, '2021-11-25', NULL, '2021-11-24 23:18:05', '2021-11-24 23:18:05'),
(19124, 646, '0.5', 'Roi', NULL, '2021-11-25', NULL, '2021-11-24 23:18:05', '2021-11-24 23:18:05'),
(19125, 693, '0.15', 'Roi', NULL, '2021-11-25', NULL, '2021-11-24 23:18:05', '2021-11-24 23:18:05'),
(19126, 651, '0.15', 'Roi', NULL, '2021-11-25', NULL, '2021-11-24 23:18:05', '2021-11-24 23:18:05'),
(19127, 694, '0.5', 'Roi', NULL, '2021-11-25', NULL, '2021-11-24 23:18:05', '2021-11-24 23:18:05'),
(19128, 695, '0.5', 'Roi', NULL, '2021-11-25', NULL, '2021-11-24 23:18:05', '2021-11-24 23:18:05'),
(19129, 539, '75', 'Roi', NULL, '2021-11-25', NULL, '2021-11-25 00:00:37', '2021-11-25 00:00:37'),
(19130, 627, '0.5', 'Roi', NULL, '2021-11-25', NULL, '2021-11-25 00:00:37', '2021-11-25 00:00:37'),
(19131, 628, '0.5', 'Roi', NULL, '2021-11-25', NULL, '2021-11-25 00:00:37', '2021-11-25 00:00:37'),
(19132, 629, '0.5', 'Roi', NULL, '2021-11-25', NULL, '2021-11-25 00:00:37', '2021-11-25 00:00:37'),
(19133, 623, '0.15', 'Roi', NULL, '2021-11-25', NULL, '2021-11-25 00:00:37', '2021-11-25 00:00:37'),
(19134, 630, '0.5', 'Roi', NULL, '2021-11-25', NULL, '2021-11-25 00:00:37', '2021-11-25 00:00:37'),
(19135, 635, '0.5', 'Roi', NULL, '2021-11-25', NULL, '2021-11-25 00:00:37', '2021-11-25 00:00:37'),
(19136, 657, '0.25', 'Roi', NULL, '2021-11-25', NULL, '2021-11-25 00:00:37', '2021-11-25 00:00:37'),
(19137, 658, '0.15', 'Roi', NULL, '2021-11-25', NULL, '2021-11-25 00:00:37', '2021-11-25 00:00:37'),
(19138, 660, '0.15', 'Roi', NULL, '2021-11-25', NULL, '2021-11-25 00:00:37', '2021-11-25 00:00:37'),
(19139, 661, '0.5', 'Roi', NULL, '2021-11-25', NULL, '2021-11-25 00:00:37', '2021-11-25 00:00:37'),
(19140, 662, '0.15', 'Roi', NULL, '2021-11-25', NULL, '2021-11-25 00:00:37', '2021-11-25 00:00:37'),
(19141, 663, '0.15', 'Roi', NULL, '2021-11-25', NULL, '2021-11-25 00:00:37', '2021-11-25 00:00:37'),
(19142, 648, '0.5', 'Roi', NULL, '2021-11-25', NULL, '2021-11-25 00:00:37', '2021-11-25 00:00:37'),
(19143, 670, '0.5', 'Roi', NULL, '2021-11-25', NULL, '2021-11-25 00:00:37', '2021-11-25 00:00:37'),
(19144, 668, '0.5', 'Roi', NULL, '2021-11-25', NULL, '2021-11-25 00:00:37', '2021-11-25 00:00:37'),
(19145, 669, '4.2', 'Roi', NULL, '2021-11-25', NULL, '2021-11-25 00:00:37', '2021-11-25 00:00:37'),
(19146, 667, '7', 'Roi', NULL, '2021-11-25', NULL, '2021-11-25 00:00:37', '2021-11-25 00:00:37'),
(19147, 665, '0.5', 'Roi', NULL, '2021-11-25', NULL, '2021-11-25 00:00:37', '2021-11-25 00:00:37'),
(19148, 681, '53.25', 'Roi', NULL, '2021-11-25', NULL, '2021-11-25 00:00:37', '2021-11-25 00:00:37'),
(19149, 674, '1.5', 'Roi', NULL, '2021-11-25', NULL, '2021-11-25 00:00:37', '2021-11-25 00:00:37'),
(19150, 664, '7', 'Roi', NULL, '2021-11-25', NULL, '2021-11-25 00:00:37', '2021-11-25 00:00:37'),
(19151, 653, '0.5', 'Roi', NULL, '2021-11-25', NULL, '2021-11-25 00:00:37', '2021-11-25 00:00:37'),
(19152, 683, '0.5', 'Roi', NULL, '2021-11-25', NULL, '2021-11-25 00:00:37', '2021-11-25 00:00:37'),
(19153, 684, '0.5', 'Roi', NULL, '2021-11-25', NULL, '2021-11-25 00:00:37', '2021-11-25 00:00:37'),
(19154, 646, '0.5', 'Roi', NULL, '2021-11-25', NULL, '2021-11-25 00:00:37', '2021-11-25 00:00:37'),
(19155, 693, '0.15', 'Roi', NULL, '2021-11-25', NULL, '2021-11-25 00:00:37', '2021-11-25 00:00:37'),
(19156, 651, '0.15', 'Roi', NULL, '2021-11-25', NULL, '2021-11-25 00:00:37', '2021-11-25 00:00:37'),
(19157, 694, '0.5', 'Roi', NULL, '2021-11-25', NULL, '2021-11-25 00:00:37', '2021-11-25 00:00:37'),
(19158, 695, '0.5', 'Roi', NULL, '2021-11-25', NULL, '2021-11-25 00:00:37', '2021-11-25 00:00:37'),
(19159, 539, '75', 'Roi', NULL, '2021-11-26', NULL, '2021-11-26 00:00:35', '2021-11-26 00:00:35'),
(19160, 627, '0.5', 'Roi', NULL, '2021-11-26', NULL, '2021-11-26 00:00:35', '2021-11-26 00:00:35'),
(19161, 628, '0.5', 'Roi', NULL, '2021-11-26', NULL, '2021-11-26 00:00:35', '2021-11-26 00:00:35'),
(19162, 629, '0.5', 'Roi', NULL, '2021-11-26', NULL, '2021-11-26 00:00:35', '2021-11-26 00:00:35'),
(19163, 623, '0.15', 'Roi', NULL, '2021-11-26', NULL, '2021-11-26 00:00:35', '2021-11-26 00:00:35'),
(19164, 630, '0.5', 'Roi', NULL, '2021-11-26', NULL, '2021-11-26 00:00:35', '2021-11-26 00:00:35'),
(19165, 635, '0.5', 'Roi', NULL, '2021-11-26', NULL, '2021-11-26 00:00:35', '2021-11-26 00:00:35'),
(19166, 657, '0.25', 'Roi', NULL, '2021-11-26', NULL, '2021-11-26 00:00:35', '2021-11-26 00:00:35'),
(19167, 658, '0.15', 'Roi', NULL, '2021-11-26', NULL, '2021-11-26 00:00:35', '2021-11-26 00:00:35'),
(19168, 660, '0.15', 'Roi', NULL, '2021-11-26', NULL, '2021-11-26 00:00:35', '2021-11-26 00:00:35'),
(19169, 661, '0.5', 'Roi', NULL, '2021-11-26', NULL, '2021-11-26 00:00:35', '2021-11-26 00:00:35'),
(19170, 662, '0.15', 'Roi', NULL, '2021-11-26', NULL, '2021-11-26 00:00:35', '2021-11-26 00:00:35'),
(19171, 663, '0.15', 'Roi', NULL, '2021-11-26', NULL, '2021-11-26 00:00:35', '2021-11-26 00:00:35'),
(19172, 648, '0.5', 'Roi', NULL, '2021-11-26', NULL, '2021-11-26 00:00:35', '2021-11-26 00:00:35'),
(19173, 670, '0.5', 'Roi', NULL, '2021-11-26', NULL, '2021-11-26 00:00:35', '2021-11-26 00:00:35'),
(19174, 668, '0.5', 'Roi', NULL, '2021-11-26', NULL, '2021-11-26 00:00:35', '2021-11-26 00:00:35'),
(19175, 669, '4.2', 'Roi', NULL, '2021-11-26', NULL, '2021-11-26 00:00:35', '2021-11-26 00:00:35'),
(19176, 667, '7', 'Roi', NULL, '2021-11-26', NULL, '2021-11-26 00:00:35', '2021-11-26 00:00:35'),
(19177, 665, '0.5', 'Roi', NULL, '2021-11-26', NULL, '2021-11-26 00:00:35', '2021-11-26 00:00:35'),
(19178, 681, '53.25', 'Roi', NULL, '2021-11-26', NULL, '2021-11-26 00:00:35', '2021-11-26 00:00:35'),
(19179, 674, '1.5', 'Roi', NULL, '2021-11-26', NULL, '2021-11-26 00:00:35', '2021-11-26 00:00:35'),
(19180, 664, '7', 'Roi', NULL, '2021-11-26', NULL, '2021-11-26 00:00:35', '2021-11-26 00:00:35'),
(19181, 653, '0.5', 'Roi', NULL, '2021-11-26', NULL, '2021-11-26 00:00:35', '2021-11-26 00:00:35'),
(19182, 683, '0.5', 'Roi', NULL, '2021-11-26', NULL, '2021-11-26 00:00:35', '2021-11-26 00:00:35'),
(19183, 684, '0.5', 'Roi', NULL, '2021-11-26', NULL, '2021-11-26 00:00:35', '2021-11-26 00:00:35'),
(19184, 646, '0.5', 'Roi', NULL, '2021-11-26', NULL, '2021-11-26 00:00:35', '2021-11-26 00:00:35'),
(19185, 693, '0.15', 'Roi', NULL, '2021-11-26', NULL, '2021-11-26 00:00:35', '2021-11-26 00:00:35'),
(19186, 651, '0.15', 'Roi', NULL, '2021-11-26', NULL, '2021-11-26 00:00:36', '2021-11-26 00:00:36'),
(19187, 694, '0.5', 'Roi', NULL, '2021-11-26', NULL, '2021-11-26 00:00:36', '2021-11-26 00:00:36'),
(19188, 695, '0.5', 'Roi', NULL, '2021-11-26', NULL, '2021-11-26 00:00:36', '2021-11-26 00:00:36'),
(19189, 623, '8', 'Referal Bonus', 701, '2021-11-28', NULL, '2021-11-28 12:48:35', '2021-11-28 12:48:35'),
(19190, 539, '75', 'Roi', NULL, '2021-11-29', NULL, '2021-11-29 00:00:13', '2021-11-29 00:00:13'),
(19191, 627, '0.5', 'Roi', NULL, '2021-11-29', NULL, '2021-11-29 00:00:13', '2021-11-29 00:00:13'),
(19192, 628, '0.5', 'Roi', NULL, '2021-11-29', NULL, '2021-11-29 00:00:13', '2021-11-29 00:00:13'),
(19193, 629, '0.5', 'Roi', NULL, '2021-11-29', NULL, '2021-11-29 00:00:13', '2021-11-29 00:00:13'),
(19194, 623, '0.15', 'Roi', NULL, '2021-11-29', NULL, '2021-11-29 00:00:13', '2021-11-29 00:00:13'),
(19195, 630, '0.5', 'Roi', NULL, '2021-11-29', NULL, '2021-11-29 00:00:13', '2021-11-29 00:00:13'),
(19196, 635, '0.5', 'Roi', NULL, '2021-11-29', NULL, '2021-11-29 00:00:13', '2021-11-29 00:00:13'),
(19197, 657, '0.25', 'Roi', NULL, '2021-11-29', NULL, '2021-11-29 00:00:13', '2021-11-29 00:00:13'),
(19198, 658, '0.15', 'Roi', NULL, '2021-11-29', NULL, '2021-11-29 00:00:13', '2021-11-29 00:00:13'),
(19199, 660, '0.15', 'Roi', NULL, '2021-11-29', NULL, '2021-11-29 00:00:13', '2021-11-29 00:00:13'),
(19200, 661, '0.5', 'Roi', NULL, '2021-11-29', NULL, '2021-11-29 00:00:13', '2021-11-29 00:00:13'),
(19201, 662, '0.15', 'Roi', NULL, '2021-11-29', NULL, '2021-11-29 00:00:13', '2021-11-29 00:00:13'),
(19202, 663, '0.15', 'Roi', NULL, '2021-11-29', NULL, '2021-11-29 00:00:13', '2021-11-29 00:00:13'),
(19203, 648, '0.5', 'Roi', NULL, '2021-11-29', NULL, '2021-11-29 00:00:13', '2021-11-29 00:00:13'),
(19204, 670, '0.5', 'Roi', NULL, '2021-11-29', NULL, '2021-11-29 00:00:13', '2021-11-29 00:00:13'),
(19205, 668, '0.5', 'Roi', NULL, '2021-11-29', NULL, '2021-11-29 00:00:13', '2021-11-29 00:00:13'),
(19206, 669, '4.2', 'Roi', NULL, '2021-11-29', NULL, '2021-11-29 00:00:13', '2021-11-29 00:00:13'),
(19207, 667, '7', 'Roi', NULL, '2021-11-29', NULL, '2021-11-29 00:00:13', '2021-11-29 00:00:13'),
(19208, 665, '0.5', 'Roi', NULL, '2021-11-29', NULL, '2021-11-29 00:00:13', '2021-11-29 00:00:13'),
(19209, 681, '53.25', 'Roi', NULL, '2021-11-29', NULL, '2021-11-29 00:00:13', '2021-11-29 00:00:13'),
(19210, 674, '1.5', 'Roi', NULL, '2021-11-29', NULL, '2021-11-29 00:00:13', '2021-11-29 00:00:13'),
(19211, 664, '7', 'Roi', NULL, '2021-11-29', NULL, '2021-11-29 00:00:13', '2021-11-29 00:00:13'),
(19212, 653, '0.5', 'Roi', NULL, '2021-11-29', NULL, '2021-11-29 00:00:13', '2021-11-29 00:00:13'),
(19213, 683, '0.5', 'Roi', NULL, '2021-11-29', NULL, '2021-11-29 00:00:13', '2021-11-29 00:00:13'),
(19214, 684, '0.5', 'Roi', NULL, '2021-11-29', NULL, '2021-11-29 00:00:13', '2021-11-29 00:00:13'),
(19215, 646, '0.5', 'Roi', NULL, '2021-11-29', NULL, '2021-11-29 00:00:13', '2021-11-29 00:00:13'),
(19216, 693, '0.15', 'Roi', NULL, '2021-11-29', NULL, '2021-11-29 00:00:13', '2021-11-29 00:00:13'),
(19217, 651, '0.15', 'Roi', NULL, '2021-11-29', NULL, '2021-11-29 00:00:13', '2021-11-29 00:00:13'),
(19218, 694, '0.5', 'Roi', NULL, '2021-11-29', NULL, '2021-11-29 00:00:13', '2021-11-29 00:00:13'),
(19219, 695, '0.5', 'Roi', NULL, '2021-11-29', NULL, '2021-11-29 00:00:13', '2021-11-29 00:00:13'),
(19220, 701, '0.5', 'Roi', NULL, '2021-11-29', NULL, '2021-11-29 00:00:13', '2021-11-29 00:00:13'),
(19221, 539, '75', 'Roi', NULL, '2021-11-30', NULL, '2021-11-30 00:00:31', '2021-11-30 00:00:31'),
(19222, 627, '0.5', 'Roi', NULL, '2021-11-30', NULL, '2021-11-30 00:00:31', '2021-11-30 00:00:31'),
(19223, 628, '0.5', 'Roi', NULL, '2021-11-30', NULL, '2021-11-30 00:00:31', '2021-11-30 00:00:31'),
(19224, 629, '0.5', 'Roi', NULL, '2021-11-30', NULL, '2021-11-30 00:00:31', '2021-11-30 00:00:31'),
(19225, 623, '0.15', 'Roi', NULL, '2021-11-30', NULL, '2021-11-30 00:00:31', '2021-11-30 00:00:31'),
(19226, 630, '0.5', 'Roi', NULL, '2021-11-30', NULL, '2021-11-30 00:00:31', '2021-11-30 00:00:31'),
(19227, 635, '0.5', 'Roi', NULL, '2021-11-30', NULL, '2021-11-30 00:00:31', '2021-11-30 00:00:31'),
(19228, 657, '0.25', 'Roi', NULL, '2021-11-30', NULL, '2021-11-30 00:00:31', '2021-11-30 00:00:31'),
(19229, 658, '0.15', 'Roi', NULL, '2021-11-30', NULL, '2021-11-30 00:00:31', '2021-11-30 00:00:31'),
(19230, 660, '0.15', 'Roi', NULL, '2021-11-30', NULL, '2021-11-30 00:00:31', '2021-11-30 00:00:31'),
(19231, 661, '0.5', 'Roi', NULL, '2021-11-30', NULL, '2021-11-30 00:00:31', '2021-11-30 00:00:31'),
(19232, 662, '0.15', 'Roi', NULL, '2021-11-30', NULL, '2021-11-30 00:00:31', '2021-11-30 00:00:31'),
(19233, 663, '0.15', 'Roi', NULL, '2021-11-30', NULL, '2021-11-30 00:00:31', '2021-11-30 00:00:31'),
(19234, 648, '0.5', 'Roi', NULL, '2021-11-30', NULL, '2021-11-30 00:00:31', '2021-11-30 00:00:31'),
(19235, 670, '0.5', 'Roi', NULL, '2021-11-30', NULL, '2021-11-30 00:00:31', '2021-11-30 00:00:31'),
(19236, 668, '0.5', 'Roi', NULL, '2021-11-30', NULL, '2021-11-30 00:00:31', '2021-11-30 00:00:31'),
(19237, 669, '4.2', 'Roi', NULL, '2021-11-30', NULL, '2021-11-30 00:00:31', '2021-11-30 00:00:31'),
(19238, 667, '7', 'Roi', NULL, '2021-11-30', NULL, '2021-11-30 00:00:31', '2021-11-30 00:00:31'),
(19239, 665, '0.5', 'Roi', NULL, '2021-11-30', NULL, '2021-11-30 00:00:31', '2021-11-30 00:00:31'),
(19240, 681, '53.25', 'Roi', NULL, '2021-11-30', NULL, '2021-11-30 00:00:31', '2021-11-30 00:00:31'),
(19241, 674, '1.5', 'Roi', NULL, '2021-11-30', NULL, '2021-11-30 00:00:31', '2021-11-30 00:00:31'),
(19242, 664, '7', 'Roi', NULL, '2021-11-30', NULL, '2021-11-30 00:00:31', '2021-11-30 00:00:31'),
(19243, 653, '0.5', 'Roi', NULL, '2021-11-30', NULL, '2021-11-30 00:00:31', '2021-11-30 00:00:31'),
(19244, 683, '0.5', 'Roi', NULL, '2021-11-30', NULL, '2021-11-30 00:00:31', '2021-11-30 00:00:31'),
(19245, 684, '0.5', 'Roi', NULL, '2021-11-30', NULL, '2021-11-30 00:00:31', '2021-11-30 00:00:31'),
(19246, 646, '0.5', 'Roi', NULL, '2021-11-30', NULL, '2021-11-30 00:00:31', '2021-11-30 00:00:31'),
(19247, 693, '0.15', 'Roi', NULL, '2021-11-30', NULL, '2021-11-30 00:00:31', '2021-11-30 00:00:31'),
(19248, 651, '0.15', 'Roi', NULL, '2021-11-30', NULL, '2021-11-30 00:00:31', '2021-11-30 00:00:31'),
(19249, 694, '0.5', 'Roi', NULL, '2021-11-30', NULL, '2021-11-30 00:00:31', '2021-11-30 00:00:31'),
(19250, 695, '0.5', 'Roi', NULL, '2021-11-30', NULL, '2021-11-30 00:00:31', '2021-11-30 00:00:31'),
(19251, 701, '0.5', 'Roi', NULL, '2021-11-30', NULL, '2021-11-30 00:00:31', '2021-11-30 00:00:31'),
(19252, 539, '75', 'Roi', NULL, '2021-12-01', NULL, '2021-12-01 00:00:40', '2021-12-01 00:00:40'),
(19253, 627, '0.5', 'Roi', NULL, '2021-12-01', NULL, '2021-12-01 00:00:40', '2021-12-01 00:00:40'),
(19254, 628, '0.5', 'Roi', NULL, '2021-12-01', NULL, '2021-12-01 00:00:40', '2021-12-01 00:00:40'),
(19255, 629, '0.5', 'Roi', NULL, '2021-12-01', NULL, '2021-12-01 00:00:40', '2021-12-01 00:00:40'),
(19256, 623, '0.15', 'Roi', NULL, '2021-12-01', NULL, '2021-12-01 00:00:40', '2021-12-01 00:00:40'),
(19257, 630, '0.5', 'Roi', NULL, '2021-12-01', NULL, '2021-12-01 00:00:40', '2021-12-01 00:00:40'),
(19258, 635, '0.5', 'Roi', NULL, '2021-12-01', NULL, '2021-12-01 00:00:40', '2021-12-01 00:00:40'),
(19259, 657, '0.25', 'Roi', NULL, '2021-12-01', NULL, '2021-12-01 00:00:41', '2021-12-01 00:00:41'),
(19260, 658, '0.15', 'Roi', NULL, '2021-12-01', NULL, '2021-12-01 00:00:41', '2021-12-01 00:00:41'),
(19261, 660, '0.15', 'Roi', NULL, '2021-12-01', NULL, '2021-12-01 00:00:41', '2021-12-01 00:00:41'),
(19262, 661, '0.5', 'Roi', NULL, '2021-12-01', NULL, '2021-12-01 00:00:41', '2021-12-01 00:00:41'),
(19263, 662, '0.15', 'Roi', NULL, '2021-12-01', NULL, '2021-12-01 00:00:41', '2021-12-01 00:00:41'),
(19264, 663, '0.15', 'Roi', NULL, '2021-12-01', NULL, '2021-12-01 00:00:41', '2021-12-01 00:00:41'),
(19265, 648, '0.5', 'Roi', NULL, '2021-12-01', NULL, '2021-12-01 00:00:41', '2021-12-01 00:00:41'),
(19266, 670, '0.5', 'Roi', NULL, '2021-12-01', NULL, '2021-12-01 00:00:41', '2021-12-01 00:00:41'),
(19267, 668, '0.5', 'Roi', NULL, '2021-12-01', NULL, '2021-12-01 00:00:41', '2021-12-01 00:00:41'),
(19268, 669, '4.2', 'Roi', NULL, '2021-12-01', NULL, '2021-12-01 00:00:41', '2021-12-01 00:00:41'),
(19269, 667, '7', 'Roi', NULL, '2021-12-01', NULL, '2021-12-01 00:00:41', '2021-12-01 00:00:41'),
(19270, 665, '0.5', 'Roi', NULL, '2021-12-01', NULL, '2021-12-01 00:00:41', '2021-12-01 00:00:41'),
(19271, 681, '53.25', 'Roi', NULL, '2021-12-01', NULL, '2021-12-01 00:00:41', '2021-12-01 00:00:41'),
(19272, 674, '1.5', 'Roi', NULL, '2021-12-01', NULL, '2021-12-01 00:00:41', '2021-12-01 00:00:41'),
(19273, 664, '7', 'Roi', NULL, '2021-12-01', NULL, '2021-12-01 00:00:41', '2021-12-01 00:00:41'),
(19274, 653, '0.5', 'Roi', NULL, '2021-12-01', NULL, '2021-12-01 00:00:41', '2021-12-01 00:00:41'),
(19275, 683, '0.5', 'Roi', NULL, '2021-12-01', NULL, '2021-12-01 00:00:41', '2021-12-01 00:00:41'),
(19276, 684, '0.5', 'Roi', NULL, '2021-12-01', NULL, '2021-12-01 00:00:41', '2021-12-01 00:00:41'),
(19277, 646, '0.5', 'Roi', NULL, '2021-12-01', NULL, '2021-12-01 00:00:41', '2021-12-01 00:00:41'),
(19278, 693, '0.15', 'Roi', NULL, '2021-12-01', NULL, '2021-12-01 00:00:41', '2021-12-01 00:00:41'),
(19279, 651, '0.15', 'Roi', NULL, '2021-12-01', NULL, '2021-12-01 00:00:41', '2021-12-01 00:00:41'),
(19280, 694, '0.5', 'Roi', NULL, '2021-12-01', NULL, '2021-12-01 00:00:41', '2021-12-01 00:00:41'),
(19281, 695, '0.5', 'Roi', NULL, '2021-12-01', NULL, '2021-12-01 00:00:41', '2021-12-01 00:00:41'),
(19282, 701, '0.5', 'Roi', NULL, '2021-12-01', NULL, '2021-12-01 00:00:41', '2021-12-01 00:00:41'),
(19283, 539, '75', 'Roi', NULL, '2021-12-02', NULL, '2021-12-02 00:00:08', '2021-12-02 00:00:08'),
(19284, 627, '0.5', 'Roi', NULL, '2021-12-02', NULL, '2021-12-02 00:00:08', '2021-12-02 00:00:08'),
(19285, 628, '0.5', 'Roi', NULL, '2021-12-02', NULL, '2021-12-02 00:00:08', '2021-12-02 00:00:08'),
(19286, 629, '0.5', 'Roi', NULL, '2021-12-02', NULL, '2021-12-02 00:00:08', '2021-12-02 00:00:08'),
(19287, 623, '0.15', 'Roi', NULL, '2021-12-02', NULL, '2021-12-02 00:00:08', '2021-12-02 00:00:08'),
(19288, 630, '0.5', 'Roi', NULL, '2021-12-02', NULL, '2021-12-02 00:00:08', '2021-12-02 00:00:08'),
(19289, 635, '0.5', 'Roi', NULL, '2021-12-02', NULL, '2021-12-02 00:00:08', '2021-12-02 00:00:08'),
(19290, 657, '0.25', 'Roi', NULL, '2021-12-02', NULL, '2021-12-02 00:00:08', '2021-12-02 00:00:08'),
(19291, 658, '0.15', 'Roi', NULL, '2021-12-02', NULL, '2021-12-02 00:00:08', '2021-12-02 00:00:08'),
(19292, 660, '0.15', 'Roi', NULL, '2021-12-02', NULL, '2021-12-02 00:00:08', '2021-12-02 00:00:08'),
(19293, 661, '0.5', 'Roi', NULL, '2021-12-02', NULL, '2021-12-02 00:00:08', '2021-12-02 00:00:08'),
(19294, 662, '0.15', 'Roi', NULL, '2021-12-02', NULL, '2021-12-02 00:00:08', '2021-12-02 00:00:08'),
(19295, 663, '0.15', 'Roi', NULL, '2021-12-02', NULL, '2021-12-02 00:00:08', '2021-12-02 00:00:08'),
(19296, 648, '0.5', 'Roi', NULL, '2021-12-02', NULL, '2021-12-02 00:00:08', '2021-12-02 00:00:08'),
(19297, 670, '0.5', 'Roi', NULL, '2021-12-02', NULL, '2021-12-02 00:00:08', '2021-12-02 00:00:08'),
(19298, 668, '0.5', 'Roi', NULL, '2021-12-02', NULL, '2021-12-02 00:00:08', '2021-12-02 00:00:08'),
(19299, 669, '4.2', 'Roi', NULL, '2021-12-02', NULL, '2021-12-02 00:00:08', '2021-12-02 00:00:08'),
(19300, 667, '7', 'Roi', NULL, '2021-12-02', NULL, '2021-12-02 00:00:08', '2021-12-02 00:00:08'),
(19301, 665, '0.5', 'Roi', NULL, '2021-12-02', NULL, '2021-12-02 00:00:08', '2021-12-02 00:00:08'),
(19302, 681, '53.25', 'Roi', NULL, '2021-12-02', NULL, '2021-12-02 00:00:08', '2021-12-02 00:00:08'),
(19303, 674, '1.5', 'Roi', NULL, '2021-12-02', NULL, '2021-12-02 00:00:08', '2021-12-02 00:00:08'),
(19304, 664, '7', 'Roi', NULL, '2021-12-02', NULL, '2021-12-02 00:00:08', '2021-12-02 00:00:08'),
(19305, 653, '0.5', 'Roi', NULL, '2021-12-02', NULL, '2021-12-02 00:00:08', '2021-12-02 00:00:08'),
(19306, 683, '0.5', 'Roi', NULL, '2021-12-02', NULL, '2021-12-02 00:00:08', '2021-12-02 00:00:08'),
(19307, 684, '0.5', 'Roi', NULL, '2021-12-02', NULL, '2021-12-02 00:00:08', '2021-12-02 00:00:08'),
(19308, 646, '0.5', 'Roi', NULL, '2021-12-02', NULL, '2021-12-02 00:00:08', '2021-12-02 00:00:08'),
(19309, 693, '0.15', 'Roi', NULL, '2021-12-02', NULL, '2021-12-02 00:00:08', '2021-12-02 00:00:08'),
(19310, 651, '0.15', 'Roi', NULL, '2021-12-02', NULL, '2021-12-02 00:00:08', '2021-12-02 00:00:08'),
(19311, 694, '0.5', 'Roi', NULL, '2021-12-02', NULL, '2021-12-02 00:00:08', '2021-12-02 00:00:08'),
(19312, 695, '0.5', 'Roi', NULL, '2021-12-02', NULL, '2021-12-02 00:00:08', '2021-12-02 00:00:08'),
(19313, 701, '0.5', 'Roi', NULL, '2021-12-02', NULL, '2021-12-02 00:00:08', '2021-12-02 00:00:08'),
(19314, 539, '75', 'Roi', NULL, '2021-12-03', NULL, '2021-12-03 00:00:33', '2021-12-03 00:00:33'),
(19315, 627, '0.5', 'Roi', NULL, '2021-12-03', NULL, '2021-12-03 00:00:33', '2021-12-03 00:00:33'),
(19316, 628, '0.5', 'Roi', NULL, '2021-12-03', NULL, '2021-12-03 00:00:33', '2021-12-03 00:00:33'),
(19317, 629, '0.5', 'Roi', NULL, '2021-12-03', NULL, '2021-12-03 00:00:33', '2021-12-03 00:00:33'),
(19318, 623, '0.15', 'Roi', NULL, '2021-12-03', NULL, '2021-12-03 00:00:33', '2021-12-03 00:00:33'),
(19319, 630, '0.5', 'Roi', NULL, '2021-12-03', NULL, '2021-12-03 00:00:33', '2021-12-03 00:00:33'),
(19320, 635, '0.5', 'Roi', NULL, '2021-12-03', NULL, '2021-12-03 00:00:33', '2021-12-03 00:00:33'),
(19321, 657, '0.25', 'Roi', NULL, '2021-12-03', NULL, '2021-12-03 00:00:33', '2021-12-03 00:00:33'),
(19322, 658, '0.15', 'Roi', NULL, '2021-12-03', NULL, '2021-12-03 00:00:33', '2021-12-03 00:00:33'),
(19323, 660, '0.15', 'Roi', NULL, '2021-12-03', NULL, '2021-12-03 00:00:33', '2021-12-03 00:00:33'),
(19324, 661, '0.5', 'Roi', NULL, '2021-12-03', NULL, '2021-12-03 00:00:33', '2021-12-03 00:00:33'),
(19325, 662, '0.15', 'Roi', NULL, '2021-12-03', NULL, '2021-12-03 00:00:33', '2021-12-03 00:00:33'),
(19326, 663, '0.15', 'Roi', NULL, '2021-12-03', NULL, '2021-12-03 00:00:33', '2021-12-03 00:00:33'),
(19327, 648, '0.5', 'Roi', NULL, '2021-12-03', NULL, '2021-12-03 00:00:33', '2021-12-03 00:00:33'),
(19328, 670, '0.5', 'Roi', NULL, '2021-12-03', NULL, '2021-12-03 00:00:33', '2021-12-03 00:00:33'),
(19329, 668, '0.5', 'Roi', NULL, '2021-12-03', NULL, '2021-12-03 00:00:33', '2021-12-03 00:00:33'),
(19330, 669, '4.2', 'Roi', NULL, '2021-12-03', NULL, '2021-12-03 00:00:33', '2021-12-03 00:00:33'),
(19331, 667, '7', 'Roi', NULL, '2021-12-03', NULL, '2021-12-03 00:00:33', '2021-12-03 00:00:33'),
(19332, 665, '0.5', 'Roi', NULL, '2021-12-03', NULL, '2021-12-03 00:00:33', '2021-12-03 00:00:33'),
(19333, 681, '53.25', 'Roi', NULL, '2021-12-03', NULL, '2021-12-03 00:00:33', '2021-12-03 00:00:33'),
(19334, 674, '1.5', 'Roi', NULL, '2021-12-03', NULL, '2021-12-03 00:00:33', '2021-12-03 00:00:33'),
(19335, 664, '7', 'Roi', NULL, '2021-12-03', NULL, '2021-12-03 00:00:33', '2021-12-03 00:00:33'),
(19336, 653, '0.5', 'Roi', NULL, '2021-12-03', NULL, '2021-12-03 00:00:33', '2021-12-03 00:00:33'),
(19337, 683, '0.5', 'Roi', NULL, '2021-12-03', NULL, '2021-12-03 00:00:33', '2021-12-03 00:00:33'),
(19338, 684, '0.5', 'Roi', NULL, '2021-12-03', NULL, '2021-12-03 00:00:33', '2021-12-03 00:00:33'),
(19339, 646, '0.5', 'Roi', NULL, '2021-12-03', NULL, '2021-12-03 00:00:33', '2021-12-03 00:00:33'),
(19340, 693, '0.15', 'Roi', NULL, '2021-12-03', NULL, '2021-12-03 00:00:33', '2021-12-03 00:00:33'),
(19341, 651, '0.15', 'Roi', NULL, '2021-12-03', NULL, '2021-12-03 00:00:33', '2021-12-03 00:00:33'),
(19342, 694, '0.5', 'Roi', NULL, '2021-12-03', NULL, '2021-12-03 00:00:33', '2021-12-03 00:00:33'),
(19343, 695, '0.5', 'Roi', NULL, '2021-12-03', NULL, '2021-12-03 00:00:33', '2021-12-03 00:00:33'),
(19344, 701, '0.5', 'Roi', NULL, '2021-12-03', NULL, '2021-12-03 00:00:33', '2021-12-03 00:00:33'),
(19345, 694, '16', 'Referal Bonus', 698, '2021-12-03', NULL, '2021-12-03 02:39:55', '2021-12-03 02:39:55'),
(19346, 698, '80', 'Referal Bonus', 702, '2021-12-03', NULL, '2021-12-03 02:46:40', '2021-12-03 02:46:40'),
(19347, 648, '84', 'Binary Bonus', NULL, '2021-12-03', NULL, '2021-12-03 02:56:17', '2021-12-03 02:56:17'),
(19348, 694, '7', 'Binary Bonus', NULL, '2021-12-03', NULL, '2021-12-03 03:18:57', '2021-12-03 03:18:57'),
(19349, 539, '2400', 'Referal Bonus', 706, '2021-12-03', NULL, '2021-12-03 05:27:29', '2021-12-03 05:27:29'),
(19350, 665, '7', 'Binary Bonus', NULL, '2021-12-03', NULL, '2021-12-03 06:00:20', '2021-12-03 06:00:20'),
(19351, 539, '1599.92', 'Referal Bonus', 706, '2021-12-04', NULL, '2021-12-04 01:39:17', '2021-12-04 01:39:17'),
(19352, 539, '935.2', 'Binary Bonus', NULL, '2021-12-04', NULL, '2021-12-04 01:39:49', '2021-12-04 01:39:49'),
(19353, 539, '75', 'Roi', NULL, '2021-12-06', NULL, '2021-12-06 00:00:45', '2021-12-06 00:00:45'),
(19354, 627, '0.5', 'Roi', NULL, '2021-12-06', NULL, '2021-12-06 00:00:45', '2021-12-06 00:00:45'),
(19355, 628, '0.5', 'Roi', NULL, '2021-12-06', NULL, '2021-12-06 00:00:45', '2021-12-06 00:00:45'),
(19356, 629, '0.5', 'Roi', NULL, '2021-12-06', NULL, '2021-12-06 00:00:45', '2021-12-06 00:00:45'),
(19357, 623, '0.15', 'Roi', NULL, '2021-12-06', NULL, '2021-12-06 00:00:45', '2021-12-06 00:00:45'),
(19358, 630, '0.5', 'Roi', NULL, '2021-12-06', NULL, '2021-12-06 00:00:45', '2021-12-06 00:00:45'),
(19359, 635, '0.5', 'Roi', NULL, '2021-12-06', NULL, '2021-12-06 00:00:45', '2021-12-06 00:00:45'),
(19360, 657, '0.25', 'Roi', NULL, '2021-12-06', NULL, '2021-12-06 00:00:45', '2021-12-06 00:00:45'),
(19361, 658, '0.15', 'Roi', NULL, '2021-12-06', NULL, '2021-12-06 00:00:45', '2021-12-06 00:00:45'),
(19362, 660, '0.15', 'Roi', NULL, '2021-12-06', NULL, '2021-12-06 00:00:45', '2021-12-06 00:00:45'),
(19363, 661, '0.5', 'Roi', NULL, '2021-12-06', NULL, '2021-12-06 00:00:45', '2021-12-06 00:00:45'),
(19364, 662, '0.15', 'Roi', NULL, '2021-12-06', NULL, '2021-12-06 00:00:45', '2021-12-06 00:00:45'),
(19365, 663, '0.15', 'Roi', NULL, '2021-12-06', NULL, '2021-12-06 00:00:45', '2021-12-06 00:00:45'),
(19366, 648, '0.5', 'Roi', NULL, '2021-12-06', NULL, '2021-12-06 00:00:45', '2021-12-06 00:00:45'),
(19367, 670, '0.5', 'Roi', NULL, '2021-12-06', NULL, '2021-12-06 00:00:45', '2021-12-06 00:00:45'),
(19368, 668, '0.5', 'Roi', NULL, '2021-12-06', NULL, '2021-12-06 00:00:45', '2021-12-06 00:00:45'),
(19369, 669, '4.2', 'Roi', NULL, '2021-12-06', NULL, '2021-12-06 00:00:45', '2021-12-06 00:00:45'),
(19370, 667, '7', 'Roi', NULL, '2021-12-06', NULL, '2021-12-06 00:00:45', '2021-12-06 00:00:45'),
(19371, 665, '0.5', 'Roi', NULL, '2021-12-06', NULL, '2021-12-06 00:00:45', '2021-12-06 00:00:45'),
(19372, 681, '53.25', 'Roi', NULL, '2021-12-06', NULL, '2021-12-06 00:00:45', '2021-12-06 00:00:45'),
(19373, 674, '1.5', 'Roi', NULL, '2021-12-06', NULL, '2021-12-06 00:00:45', '2021-12-06 00:00:45'),
(19374, 664, '7', 'Roi', NULL, '2021-12-06', NULL, '2021-12-06 00:00:45', '2021-12-06 00:00:45'),
(19375, 653, '0.5', 'Roi', NULL, '2021-12-06', NULL, '2021-12-06 00:00:45', '2021-12-06 00:00:45'),
(19376, 683, '0.5', 'Roi', NULL, '2021-12-06', NULL, '2021-12-06 00:00:45', '2021-12-06 00:00:45'),
(19377, 684, '0.5', 'Roi', NULL, '2021-12-06', NULL, '2021-12-06 00:00:45', '2021-12-06 00:00:45'),
(19378, 646, '0.5', 'Roi', NULL, '2021-12-06', NULL, '2021-12-06 00:00:45', '2021-12-06 00:00:45'),
(19379, 693, '0.15', 'Roi', NULL, '2021-12-06', NULL, '2021-12-06 00:00:45', '2021-12-06 00:00:45'),
(19380, 651, '0.15', 'Roi', NULL, '2021-12-06', NULL, '2021-12-06 00:00:45', '2021-12-06 00:00:45'),
(19381, 694, '0.5', 'Roi', NULL, '2021-12-06', NULL, '2021-12-06 00:00:45', '2021-12-06 00:00:45'),
(19382, 695, '0.5', 'Roi', NULL, '2021-12-06', NULL, '2021-12-06 00:00:45', '2021-12-06 00:00:45'),
(19383, 701, '0.5', 'Roi', NULL, '2021-12-06', NULL, '2021-12-06 00:00:45', '2021-12-06 00:00:45'),
(19384, 698, '1', 'Roi', NULL, '2021-12-06', NULL, '2021-12-06 00:00:45', '2021-12-06 00:00:45'),
(19385, 702, '7', 'Roi', NULL, '2021-12-06', NULL, '2021-12-06 00:00:45', '2021-12-06 00:00:45'),
(19386, 706, '499.99', 'Roi', NULL, '2021-12-06', NULL, '2021-12-06 00:00:45', '2021-12-06 00:00:45'),
(19387, 539, '75', 'Roi', NULL, '2021-12-07', NULL, '2021-12-07 00:00:24', '2021-12-07 00:00:24'),
(19388, 627, '0.5', 'Roi', NULL, '2021-12-07', NULL, '2021-12-07 00:00:24', '2021-12-07 00:00:24'),
(19389, 628, '0.5', 'Roi', NULL, '2021-12-07', NULL, '2021-12-07 00:00:24', '2021-12-07 00:00:24'),
(19390, 629, '0.5', 'Roi', NULL, '2021-12-07', NULL, '2021-12-07 00:00:24', '2021-12-07 00:00:24'),
(19391, 623, '0.15', 'Roi', NULL, '2021-12-07', NULL, '2021-12-07 00:00:24', '2021-12-07 00:00:24'),
(19392, 630, '0.5', 'Roi', NULL, '2021-12-07', NULL, '2021-12-07 00:00:24', '2021-12-07 00:00:24'),
(19393, 635, '0.5', 'Roi', NULL, '2021-12-07', NULL, '2021-12-07 00:00:24', '2021-12-07 00:00:24'),
(19394, 657, '0.25', 'Roi', NULL, '2021-12-07', NULL, '2021-12-07 00:00:24', '2021-12-07 00:00:24'),
(19395, 658, '0.15', 'Roi', NULL, '2021-12-07', NULL, '2021-12-07 00:00:24', '2021-12-07 00:00:24'),
(19396, 660, '0.15', 'Roi', NULL, '2021-12-07', NULL, '2021-12-07 00:00:24', '2021-12-07 00:00:24'),
(19397, 661, '0.5', 'Roi', NULL, '2021-12-07', NULL, '2021-12-07 00:00:24', '2021-12-07 00:00:24'),
(19398, 662, '0.15', 'Roi', NULL, '2021-12-07', NULL, '2021-12-07 00:00:24', '2021-12-07 00:00:24'),
(19399, 663, '0.15', 'Roi', NULL, '2021-12-07', NULL, '2021-12-07 00:00:24', '2021-12-07 00:00:24'),
(19400, 648, '0.5', 'Roi', NULL, '2021-12-07', NULL, '2021-12-07 00:00:24', '2021-12-07 00:00:24'),
(19401, 670, '0.5', 'Roi', NULL, '2021-12-07', NULL, '2021-12-07 00:00:24', '2021-12-07 00:00:24'),
(19402, 668, '0.5', 'Roi', NULL, '2021-12-07', NULL, '2021-12-07 00:00:24', '2021-12-07 00:00:24'),
(19403, 669, '4.2', 'Roi', NULL, '2021-12-07', NULL, '2021-12-07 00:00:24', '2021-12-07 00:00:24'),
(19404, 667, '7', 'Roi', NULL, '2021-12-07', NULL, '2021-12-07 00:00:24', '2021-12-07 00:00:24'),
(19405, 665, '0.5', 'Roi', NULL, '2021-12-07', NULL, '2021-12-07 00:00:24', '2021-12-07 00:00:24'),
(19406, 681, '53.25', 'Roi', NULL, '2021-12-07', NULL, '2021-12-07 00:00:24', '2021-12-07 00:00:24'),
(19407, 674, '1.5', 'Roi', NULL, '2021-12-07', NULL, '2021-12-07 00:00:24', '2021-12-07 00:00:24'),
(19408, 664, '7', 'Roi', NULL, '2021-12-07', NULL, '2021-12-07 00:00:24', '2021-12-07 00:00:24'),
(19409, 653, '0.5', 'Roi', NULL, '2021-12-07', NULL, '2021-12-07 00:00:24', '2021-12-07 00:00:24'),
(19410, 683, '0.5', 'Roi', NULL, '2021-12-07', NULL, '2021-12-07 00:00:24', '2021-12-07 00:00:24'),
(19411, 684, '0.5', 'Roi', NULL, '2021-12-07', NULL, '2021-12-07 00:00:24', '2021-12-07 00:00:24'),
(19412, 646, '0.5', 'Roi', NULL, '2021-12-07', NULL, '2021-12-07 00:00:24', '2021-12-07 00:00:24'),
(19413, 693, '0.15', 'Roi', NULL, '2021-12-07', NULL, '2021-12-07 00:00:24', '2021-12-07 00:00:24'),
(19414, 651, '0.15', 'Roi', NULL, '2021-12-07', NULL, '2021-12-07 00:00:24', '2021-12-07 00:00:24'),
(19415, 694, '0.5', 'Roi', NULL, '2021-12-07', NULL, '2021-12-07 00:00:24', '2021-12-07 00:00:24'),
(19416, 695, '0.5', 'Roi', NULL, '2021-12-07', NULL, '2021-12-07 00:00:24', '2021-12-07 00:00:24'),
(19417, 701, '0.5', 'Roi', NULL, '2021-12-07', NULL, '2021-12-07 00:00:24', '2021-12-07 00:00:24'),
(19418, 698, '1', 'Roi', NULL, '2021-12-07', NULL, '2021-12-07 00:00:24', '2021-12-07 00:00:24'),
(19419, 702, '7', 'Roi', NULL, '2021-12-07', NULL, '2021-12-07 00:00:24', '2021-12-07 00:00:24'),
(19420, 706, '499.99', 'Roi', NULL, '2021-12-07', NULL, '2021-12-07 00:00:24', '2021-12-07 00:00:24'),
(19421, 539, '75', 'Roi', NULL, '2021-12-08', NULL, '2021-12-08 00:00:06', '2021-12-08 00:00:06'),
(19422, 627, '0.5', 'Roi', NULL, '2021-12-08', NULL, '2021-12-08 00:00:06', '2021-12-08 00:00:06'),
(19423, 628, '0.5', 'Roi', NULL, '2021-12-08', NULL, '2021-12-08 00:00:06', '2021-12-08 00:00:06'),
(19424, 629, '0.5', 'Roi', NULL, '2021-12-08', NULL, '2021-12-08 00:00:06', '2021-12-08 00:00:06'),
(19425, 623, '0.15', 'Roi', NULL, '2021-12-08', NULL, '2021-12-08 00:00:06', '2021-12-08 00:00:06'),
(19426, 630, '0.5', 'Roi', NULL, '2021-12-08', NULL, '2021-12-08 00:00:06', '2021-12-08 00:00:06'),
(19427, 635, '0.5', 'Roi', NULL, '2021-12-08', NULL, '2021-12-08 00:00:06', '2021-12-08 00:00:06'),
(19428, 657, '0.25', 'Roi', NULL, '2021-12-08', NULL, '2021-12-08 00:00:06', '2021-12-08 00:00:06'),
(19429, 658, '0.15', 'Roi', NULL, '2021-12-08', NULL, '2021-12-08 00:00:06', '2021-12-08 00:00:06'),
(19430, 660, '0.15', 'Roi', NULL, '2021-12-08', NULL, '2021-12-08 00:00:06', '2021-12-08 00:00:06'),
(19431, 661, '0.5', 'Roi', NULL, '2021-12-08', NULL, '2021-12-08 00:00:06', '2021-12-08 00:00:06'),
(19432, 662, '0.15', 'Roi', NULL, '2021-12-08', NULL, '2021-12-08 00:00:06', '2021-12-08 00:00:06'),
(19433, 663, '0.15', 'Roi', NULL, '2021-12-08', NULL, '2021-12-08 00:00:06', '2021-12-08 00:00:06'),
(19434, 648, '0.5', 'Roi', NULL, '2021-12-08', NULL, '2021-12-08 00:00:06', '2021-12-08 00:00:06'),
(19435, 670, '0.5', 'Roi', NULL, '2021-12-08', NULL, '2021-12-08 00:00:06', '2021-12-08 00:00:06'),
(19436, 668, '0.5', 'Roi', NULL, '2021-12-08', NULL, '2021-12-08 00:00:06', '2021-12-08 00:00:06'),
(19437, 669, '4.2', 'Roi', NULL, '2021-12-08', NULL, '2021-12-08 00:00:06', '2021-12-08 00:00:06'),
(19438, 667, '7', 'Roi', NULL, '2021-12-08', NULL, '2021-12-08 00:00:06', '2021-12-08 00:00:06'),
(19439, 665, '0.5', 'Roi', NULL, '2021-12-08', NULL, '2021-12-08 00:00:06', '2021-12-08 00:00:06'),
(19440, 681, '53.25', 'Roi', NULL, '2021-12-08', NULL, '2021-12-08 00:00:06', '2021-12-08 00:00:06'),
(19441, 674, '1.5', 'Roi', NULL, '2021-12-08', NULL, '2021-12-08 00:00:06', '2021-12-08 00:00:06'),
(19442, 664, '7', 'Roi', NULL, '2021-12-08', NULL, '2021-12-08 00:00:06', '2021-12-08 00:00:06'),
(19443, 653, '0.5', 'Roi', NULL, '2021-12-08', NULL, '2021-12-08 00:00:06', '2021-12-08 00:00:06'),
(19444, 683, '0.5', 'Roi', NULL, '2021-12-08', NULL, '2021-12-08 00:00:06', '2021-12-08 00:00:06'),
(19445, 684, '0.5', 'Roi', NULL, '2021-12-08', NULL, '2021-12-08 00:00:06', '2021-12-08 00:00:06'),
(19446, 646, '0.5', 'Roi', NULL, '2021-12-08', NULL, '2021-12-08 00:00:06', '2021-12-08 00:00:06'),
(19447, 693, '0.15', 'Roi', NULL, '2021-12-08', NULL, '2021-12-08 00:00:06', '2021-12-08 00:00:06'),
(19448, 651, '0.15', 'Roi', NULL, '2021-12-08', NULL, '2021-12-08 00:00:06', '2021-12-08 00:00:06'),
(19449, 694, '0.5', 'Roi', NULL, '2021-12-08', NULL, '2021-12-08 00:00:06', '2021-12-08 00:00:06'),
(19450, 695, '0.5', 'Roi', NULL, '2021-12-08', NULL, '2021-12-08 00:00:06', '2021-12-08 00:00:06'),
(19451, 701, '0.5', 'Roi', NULL, '2021-12-08', NULL, '2021-12-08 00:00:06', '2021-12-08 00:00:06'),
(19452, 698, '1', 'Roi', NULL, '2021-12-08', NULL, '2021-12-08 00:00:06', '2021-12-08 00:00:06');
INSERT INTO `daily_earnings` (`de_id`, `de_user_id`, `de_earning`, `de_source`, `referral_from`, `de_date`, `de_time`, `created_at`, `updated_at`) VALUES
(19453, 702, '7', 'Roi', NULL, '2021-12-08', NULL, '2021-12-08 00:00:06', '2021-12-08 00:00:06'),
(19454, 706, '499.99', 'Roi', NULL, '2021-12-08', NULL, '2021-12-08 00:00:06', '2021-12-08 00:00:06'),
(19455, 539, '75', 'Roi', NULL, '2021-12-09', NULL, '2021-12-09 00:00:42', '2021-12-09 00:00:42'),
(19456, 627, '0.5', 'Roi', NULL, '2021-12-09', NULL, '2021-12-09 00:00:42', '2021-12-09 00:00:42'),
(19457, 628, '0.5', 'Roi', NULL, '2021-12-09', NULL, '2021-12-09 00:00:42', '2021-12-09 00:00:42'),
(19458, 629, '0.5', 'Roi', NULL, '2021-12-09', NULL, '2021-12-09 00:00:42', '2021-12-09 00:00:42'),
(19459, 623, '0.15', 'Roi', NULL, '2021-12-09', NULL, '2021-12-09 00:00:42', '2021-12-09 00:00:42'),
(19460, 630, '0.5', 'Roi', NULL, '2021-12-09', NULL, '2021-12-09 00:00:42', '2021-12-09 00:00:42'),
(19461, 635, '0.5', 'Roi', NULL, '2021-12-09', NULL, '2021-12-09 00:00:42', '2021-12-09 00:00:42'),
(19462, 657, '0.25', 'Roi', NULL, '2021-12-09', NULL, '2021-12-09 00:00:42', '2021-12-09 00:00:42'),
(19463, 658, '0.15', 'Roi', NULL, '2021-12-09', NULL, '2021-12-09 00:00:42', '2021-12-09 00:00:42'),
(19464, 660, '0.15', 'Roi', NULL, '2021-12-09', NULL, '2021-12-09 00:00:42', '2021-12-09 00:00:42'),
(19465, 661, '0.5', 'Roi', NULL, '2021-12-09', NULL, '2021-12-09 00:00:42', '2021-12-09 00:00:42'),
(19466, 662, '0.15', 'Roi', NULL, '2021-12-09', NULL, '2021-12-09 00:00:42', '2021-12-09 00:00:42'),
(19467, 663, '0.15', 'Roi', NULL, '2021-12-09', NULL, '2021-12-09 00:00:42', '2021-12-09 00:00:42'),
(19468, 648, '0.5', 'Roi', NULL, '2021-12-09', NULL, '2021-12-09 00:00:42', '2021-12-09 00:00:42'),
(19469, 670, '0.5', 'Roi', NULL, '2021-12-09', NULL, '2021-12-09 00:00:42', '2021-12-09 00:00:42'),
(19470, 668, '0.5', 'Roi', NULL, '2021-12-09', NULL, '2021-12-09 00:00:42', '2021-12-09 00:00:42'),
(19471, 669, '4.2', 'Roi', NULL, '2021-12-09', NULL, '2021-12-09 00:00:42', '2021-12-09 00:00:42'),
(19472, 667, '7', 'Roi', NULL, '2021-12-09', NULL, '2021-12-09 00:00:42', '2021-12-09 00:00:42'),
(19473, 665, '0.5', 'Roi', NULL, '2021-12-09', NULL, '2021-12-09 00:00:42', '2021-12-09 00:00:42'),
(19474, 681, '53.25', 'Roi', NULL, '2021-12-09', NULL, '2021-12-09 00:00:42', '2021-12-09 00:00:42'),
(19475, 674, '1.5', 'Roi', NULL, '2021-12-09', NULL, '2021-12-09 00:00:42', '2021-12-09 00:00:42'),
(19476, 664, '7', 'Roi', NULL, '2021-12-09', NULL, '2021-12-09 00:00:42', '2021-12-09 00:00:42'),
(19477, 653, '0.5', 'Roi', NULL, '2021-12-09', NULL, '2021-12-09 00:00:42', '2021-12-09 00:00:42'),
(19478, 683, '0.5', 'Roi', NULL, '2021-12-09', NULL, '2021-12-09 00:00:42', '2021-12-09 00:00:42'),
(19479, 684, '0.5', 'Roi', NULL, '2021-12-09', NULL, '2021-12-09 00:00:42', '2021-12-09 00:00:42'),
(19480, 646, '0.5', 'Roi', NULL, '2021-12-09', NULL, '2021-12-09 00:00:42', '2021-12-09 00:00:42'),
(19481, 693, '0.15', 'Roi', NULL, '2021-12-09', NULL, '2021-12-09 00:00:42', '2021-12-09 00:00:42'),
(19482, 651, '0.15', 'Roi', NULL, '2021-12-09', NULL, '2021-12-09 00:00:42', '2021-12-09 00:00:42'),
(19483, 694, '0.5', 'Roi', NULL, '2021-12-09', NULL, '2021-12-09 00:00:42', '2021-12-09 00:00:42'),
(19484, 695, '0.5', 'Roi', NULL, '2021-12-09', NULL, '2021-12-09 00:00:42', '2021-12-09 00:00:42'),
(19485, 701, '0.5', 'Roi', NULL, '2021-12-09', NULL, '2021-12-09 00:00:42', '2021-12-09 00:00:42'),
(19486, 698, '1', 'Roi', NULL, '2021-12-09', NULL, '2021-12-09 00:00:42', '2021-12-09 00:00:42'),
(19487, 702, '7', 'Roi', NULL, '2021-12-09', NULL, '2021-12-09 00:00:42', '2021-12-09 00:00:42'),
(19488, 706, '499.99', 'Roi', NULL, '2021-12-09', NULL, '2021-12-09 00:00:42', '2021-12-09 00:00:42'),
(19489, 629, '80', 'Referal Bonus', 711, '2021-12-09', NULL, '2021-12-09 01:40:58', '2021-12-09 01:40:58'),
(19490, 539, '70', 'Binary Bonus', NULL, '2021-12-09', NULL, '2021-12-09 01:45:34', '2021-12-09 01:45:34'),
(19491, 628, '70', 'Binary Bonus', NULL, '2021-12-09', NULL, '2021-12-09 02:39:25', '2021-12-09 02:39:25'),
(19492, 629, '30.1', 'Binary Bonus', NULL, '2021-12-09', NULL, '2021-12-09 02:41:45', '2021-12-09 02:41:45'),
(19493, 539, '75', 'Roi', NULL, '2021-12-10', NULL, '2021-12-10 00:00:07', '2021-12-10 00:00:07'),
(19494, 627, '0.5', 'Roi', NULL, '2021-12-10', NULL, '2021-12-10 00:00:07', '2021-12-10 00:00:07'),
(19495, 628, '0.5', 'Roi', NULL, '2021-12-10', NULL, '2021-12-10 00:00:07', '2021-12-10 00:00:07'),
(19496, 629, '0.5', 'Roi', NULL, '2021-12-10', NULL, '2021-12-10 00:00:07', '2021-12-10 00:00:07'),
(19497, 623, '0.15', 'Roi', NULL, '2021-12-10', NULL, '2021-12-10 00:00:07', '2021-12-10 00:00:07'),
(19498, 630, '0.5', 'Roi', NULL, '2021-12-10', NULL, '2021-12-10 00:00:07', '2021-12-10 00:00:07'),
(19499, 635, '0.5', 'Roi', NULL, '2021-12-10', NULL, '2021-12-10 00:00:07', '2021-12-10 00:00:07'),
(19500, 657, '0.25', 'Roi', NULL, '2021-12-10', NULL, '2021-12-10 00:00:07', '2021-12-10 00:00:07'),
(19501, 658, '0.15', 'Roi', NULL, '2021-12-10', NULL, '2021-12-10 00:00:07', '2021-12-10 00:00:07'),
(19502, 660, '0.15', 'Roi', NULL, '2021-12-10', NULL, '2021-12-10 00:00:07', '2021-12-10 00:00:07'),
(19503, 661, '0.5', 'Roi', NULL, '2021-12-10', NULL, '2021-12-10 00:00:07', '2021-12-10 00:00:07'),
(19504, 662, '0.15', 'Roi', NULL, '2021-12-10', NULL, '2021-12-10 00:00:07', '2021-12-10 00:00:07'),
(19505, 663, '0.15', 'Roi', NULL, '2021-12-10', NULL, '2021-12-10 00:00:07', '2021-12-10 00:00:07'),
(19506, 648, '0.5', 'Roi', NULL, '2021-12-10', NULL, '2021-12-10 00:00:07', '2021-12-10 00:00:07'),
(19507, 670, '0.5', 'Roi', NULL, '2021-12-10', NULL, '2021-12-10 00:00:07', '2021-12-10 00:00:07'),
(19508, 668, '0.5', 'Roi', NULL, '2021-12-10', NULL, '2021-12-10 00:00:07', '2021-12-10 00:00:07'),
(19509, 669, '4.2', 'Roi', NULL, '2021-12-10', NULL, '2021-12-10 00:00:07', '2021-12-10 00:00:07'),
(19510, 667, '7', 'Roi', NULL, '2021-12-10', NULL, '2021-12-10 00:00:07', '2021-12-10 00:00:07'),
(19511, 665, '0.5', 'Roi', NULL, '2021-12-10', NULL, '2021-12-10 00:00:07', '2021-12-10 00:00:07'),
(19512, 681, '53.25', 'Roi', NULL, '2021-12-10', NULL, '2021-12-10 00:00:07', '2021-12-10 00:00:07'),
(19513, 674, '1.5', 'Roi', NULL, '2021-12-10', NULL, '2021-12-10 00:00:07', '2021-12-10 00:00:07'),
(19514, 664, '7', 'Roi', NULL, '2021-12-10', NULL, '2021-12-10 00:00:07', '2021-12-10 00:00:07'),
(19515, 653, '0.5', 'Roi', NULL, '2021-12-10', NULL, '2021-12-10 00:00:07', '2021-12-10 00:00:07'),
(19516, 683, '0.5', 'Roi', NULL, '2021-12-10', NULL, '2021-12-10 00:00:07', '2021-12-10 00:00:07'),
(19517, 684, '0.5', 'Roi', NULL, '2021-12-10', NULL, '2021-12-10 00:00:07', '2021-12-10 00:00:07'),
(19518, 646, '0.5', 'Roi', NULL, '2021-12-10', NULL, '2021-12-10 00:00:07', '2021-12-10 00:00:07'),
(19519, 693, '0.15', 'Roi', NULL, '2021-12-10', NULL, '2021-12-10 00:00:07', '2021-12-10 00:00:07'),
(19520, 651, '0.15', 'Roi', NULL, '2021-12-10', NULL, '2021-12-10 00:00:07', '2021-12-10 00:00:07'),
(19521, 694, '0.5', 'Roi', NULL, '2021-12-10', NULL, '2021-12-10 00:00:07', '2021-12-10 00:00:07'),
(19522, 695, '0.5', 'Roi', NULL, '2021-12-10', NULL, '2021-12-10 00:00:07', '2021-12-10 00:00:07'),
(19523, 701, '0.5', 'Roi', NULL, '2021-12-10', NULL, '2021-12-10 00:00:07', '2021-12-10 00:00:07'),
(19524, 698, '1', 'Roi', NULL, '2021-12-10', NULL, '2021-12-10 00:00:07', '2021-12-10 00:00:07'),
(19525, 702, '7', 'Roi', NULL, '2021-12-10', NULL, '2021-12-10 00:00:07', '2021-12-10 00:00:07'),
(19526, 706, '499.99', 'Roi', NULL, '2021-12-10', NULL, '2021-12-10 00:00:07', '2021-12-10 00:00:07'),
(19527, 711, '7', 'Roi', NULL, '2021-12-10', NULL, '2021-12-10 00:00:07', '2021-12-10 00:00:07'),
(19528, 623, '21', 'Binary Bonus', NULL, '2021-12-10', NULL, '2021-12-10 10:20:59', '2021-12-10 10:20:59'),
(19529, 623, '24', 'Referal Bonus', 712, '2021-12-10', NULL, '2021-12-10 10:30:03', '2021-12-10 10:30:03'),
(19530, 712, '16', 'Referal Bonus', 713, '2021-12-10', NULL, '2021-12-10 10:34:05', '2021-12-10 10:34:05'),
(19531, 539, '35', 'Binary Bonus', NULL, '2021-12-10', NULL, '2021-12-10 11:23:56', '2021-12-10 11:23:56'),
(19532, 539, '8', 'Referal Bonus', 706, '2021-12-10', NULL, '2021-12-10 11:46:30', '2021-12-10 11:46:30'),
(19533, 539, '75', 'Roi', NULL, '2021-12-13', NULL, '2021-12-13 00:00:02', '2021-12-13 00:00:02'),
(19534, 627, '0.5', 'Roi', NULL, '2021-12-13', NULL, '2021-12-13 00:00:02', '2021-12-13 00:00:02'),
(19535, 628, '0.5', 'Roi', NULL, '2021-12-13', NULL, '2021-12-13 00:00:02', '2021-12-13 00:00:02'),
(19536, 629, '0.5', 'Roi', NULL, '2021-12-13', NULL, '2021-12-13 00:00:02', '2021-12-13 00:00:02'),
(19537, 623, '0.15', 'Roi', NULL, '2021-12-13', NULL, '2021-12-13 00:00:02', '2021-12-13 00:00:02'),
(19538, 630, '0.5', 'Roi', NULL, '2021-12-13', NULL, '2021-12-13 00:00:02', '2021-12-13 00:00:02'),
(19539, 635, '0.5', 'Roi', NULL, '2021-12-13', NULL, '2021-12-13 00:00:02', '2021-12-13 00:00:02'),
(19540, 657, '0.25', 'Roi', NULL, '2021-12-13', NULL, '2021-12-13 00:00:02', '2021-12-13 00:00:02'),
(19541, 658, '0.15', 'Roi', NULL, '2021-12-13', NULL, '2021-12-13 00:00:02', '2021-12-13 00:00:02'),
(19542, 660, '0.15', 'Roi', NULL, '2021-12-13', NULL, '2021-12-13 00:00:02', '2021-12-13 00:00:02'),
(19543, 661, '0.5', 'Roi', NULL, '2021-12-13', NULL, '2021-12-13 00:00:02', '2021-12-13 00:00:02'),
(19544, 662, '0.15', 'Roi', NULL, '2021-12-13', NULL, '2021-12-13 00:00:02', '2021-12-13 00:00:02'),
(19545, 663, '0.15', 'Roi', NULL, '2021-12-13', NULL, '2021-12-13 00:00:02', '2021-12-13 00:00:02'),
(19546, 648, '0.5', 'Roi', NULL, '2021-12-13', NULL, '2021-12-13 00:00:02', '2021-12-13 00:00:02'),
(19547, 670, '0.5', 'Roi', NULL, '2021-12-13', NULL, '2021-12-13 00:00:02', '2021-12-13 00:00:02'),
(19548, 668, '0.5', 'Roi', NULL, '2021-12-13', NULL, '2021-12-13 00:00:02', '2021-12-13 00:00:02'),
(19549, 669, '4.2', 'Roi', NULL, '2021-12-13', NULL, '2021-12-13 00:00:02', '2021-12-13 00:00:02'),
(19550, 667, '7', 'Roi', NULL, '2021-12-13', NULL, '2021-12-13 00:00:02', '2021-12-13 00:00:02'),
(19551, 665, '0.5', 'Roi', NULL, '2021-12-13', NULL, '2021-12-13 00:00:02', '2021-12-13 00:00:02'),
(19552, 681, '53.25', 'Roi', NULL, '2021-12-13', NULL, '2021-12-13 00:00:02', '2021-12-13 00:00:02'),
(19553, 674, '1.5', 'Roi', NULL, '2021-12-13', NULL, '2021-12-13 00:00:02', '2021-12-13 00:00:02'),
(19554, 664, '7', 'Roi', NULL, '2021-12-13', NULL, '2021-12-13 00:00:02', '2021-12-13 00:00:02'),
(19555, 653, '0.5', 'Roi', NULL, '2021-12-13', NULL, '2021-12-13 00:00:02', '2021-12-13 00:00:02'),
(19556, 683, '0.5', 'Roi', NULL, '2021-12-13', NULL, '2021-12-13 00:00:02', '2021-12-13 00:00:02'),
(19557, 684, '0.5', 'Roi', NULL, '2021-12-13', NULL, '2021-12-13 00:00:02', '2021-12-13 00:00:02'),
(19558, 646, '0.5', 'Roi', NULL, '2021-12-13', NULL, '2021-12-13 00:00:02', '2021-12-13 00:00:02'),
(19559, 693, '0.15', 'Roi', NULL, '2021-12-13', NULL, '2021-12-13 00:00:02', '2021-12-13 00:00:02'),
(19560, 651, '0.15', 'Roi', NULL, '2021-12-13', NULL, '2021-12-13 00:00:02', '2021-12-13 00:00:02'),
(19561, 694, '0.5', 'Roi', NULL, '2021-12-13', NULL, '2021-12-13 00:00:02', '2021-12-13 00:00:02'),
(19562, 695, '0.5', 'Roi', NULL, '2021-12-13', NULL, '2021-12-13 00:00:02', '2021-12-13 00:00:02'),
(19563, 701, '0.5', 'Roi', NULL, '2021-12-13', NULL, '2021-12-13 00:00:02', '2021-12-13 00:00:02'),
(19564, 698, '1', 'Roi', NULL, '2021-12-13', NULL, '2021-12-13 00:00:02', '2021-12-13 00:00:02'),
(19565, 702, '7', 'Roi', NULL, '2021-12-13', NULL, '2021-12-13 00:00:02', '2021-12-13 00:00:02'),
(19566, 706, '751.485', 'Roi', NULL, '2021-12-13', NULL, '2021-12-13 00:00:02', '2021-12-13 00:00:02'),
(19567, 711, '7', 'Roi', NULL, '2021-12-13', NULL, '2021-12-13 00:00:02', '2021-12-13 00:00:02'),
(19568, 712, '1.5', 'Roi', NULL, '2021-12-13', NULL, '2021-12-13 00:00:02', '2021-12-13 00:00:02'),
(19569, 713, '1', 'Roi', NULL, '2021-12-13', NULL, '2021-12-13 00:00:02', '2021-12-13 00:00:02');

-- --------------------------------------------------------

--
-- Table structure for table `deposit_histories`
--

CREATE TABLE `deposit_histories` (
  `dh_id` int(11) UNSIGNED NOT NULL,
  `dh_user_id` int(11) DEFAULT NULL,
  `dh_invoice_id` varchar(50) NOT NULL DEFAULT '',
  `dh_blockchain_address` varchar(100) NOT NULL DEFAULT '',
  `dh_transaction_hash` varchar(255) DEFAULT NULL,
  `dh_paid` tinyint(1) NOT NULL DEFAULT 0,
  `dh_complete` tinyint(1) NOT NULL DEFAULT 0,
  `dh_btc_rate` double NOT NULL DEFAULT 0,
  `dh_btcusd` double NOT NULL DEFAULT 0,
  `dh_btc` double NOT NULL DEFAULT 0,
  `dh_btc_receive` double DEFAULT NULL,
  `dh_usd_deposited` varchar(50) NOT NULL DEFAULT '0',
  `dh_status` tinyint(1) NOT NULL,
  `dh_created_at` datetime NOT NULL,
  `dh_updated_at` datetime NOT NULL
) ENGINE=MyISAM DEFAULT CHARSET=latin1;

-- --------------------------------------------------------

--
-- Table structure for table `expired_packages`
--

CREATE TABLE `expired_packages` (
  `ep_id` int(11) NOT NULL,
  `ep_package_id` int(11) NOT NULL,
  `ep_user_id` int(11) NOT NULL,
  `ep_package_amount` int(11) NOT NULL,
  `ep_three_x` varchar(25) NOT NULL,
  `ep_created_at` varchar(50) NOT NULL,
  `ep_activated_at` varchar(50) NOT NULL,
  `ep_upgraded_at` varchar(50) NOT NULL,
  `expiry_date` datetime NOT NULL DEFAULT current_timestamp()
) ENGINE=InnoDB DEFAULT CHARSET=latin1;

--
-- Dumping data for table `expired_packages`
--

INSERT INTO `expired_packages` (`ep_id`, `ep_package_id`, `ep_user_id`, `ep_package_amount`, `ep_three_x`, `ep_created_at`, `ep_activated_at`, `ep_upgraded_at`, `expiry_date`) VALUES
(1, 3, 539, 5000, '15000', '2021-11-05 13:55:17', '2021-11-05', '0000-00-00', '2021-11-18 01:36:08'),
(2, 1, 674, 100, '300', '2021-11-18 13:09:40', '2021-11-18', '0000-00-00', '2021-11-18 13:39:29');

-- --------------------------------------------------------

--
-- Table structure for table `mining`
--

CREATE TABLE `mining` (
  `mining_id` int(11) NOT NULL,
  `mining_user_id` int(11) NOT NULL,
  `mining_amount` varchar(50) NOT NULL,
  `mining_date` date NOT NULL
) ENGINE=InnoDB DEFAULT CHARSET=latin1;

-- --------------------------------------------------------

--
-- Table structure for table `mining_recieved`
--

CREATE TABLE `mining_recieved` (
  `mr_id` int(11) NOT NULL,
  `mr_user_id` int(11) NOT NULL,
  `mr_amount` varchar(50) NOT NULL,
  `mr_days` bigint(5) NOT NULL DEFAULT 100,
  `mr_updated_at` date NOT NULL
) ENGINE=InnoDB DEFAULT CHARSET=latin1;

-- --------------------------------------------------------

--
-- Table structure for table `news`
--

CREATE TABLE `news` (
  `news_id` int(11) UNSIGNED NOT NULL,
  `news_title` varchar(255) NOT NULL,
  `news_des` text NOT NULL,
  `news_pic` varchar(255) NOT NULL,
  `news_created_date` datetime NOT NULL DEFAULT current_timestamp()
) ENGINE=InnoDB DEFAULT CHARSET=latin1;

-- --------------------------------------------------------

--
-- Table structure for table `packages`
--

CREATE TABLE `packages` (
  `package_id` int(233) NOT NULL,
  `package_name` varchar(233) DEFAULT NULL,
  `package_min_amount` int(50) DEFAULT NULL,
  `package_max_amount` int(50) NOT NULL,
  `package_fees` int(11) DEFAULT NULL COMMENT 'the fees value is in percentage',
  `package_roi` varchar(40) DEFAULT NULL,
  `capping` int(11) DEFAULT NULL,
  `package_color` varchar(255) NOT NULL,
  `package_image` varchar(255) DEFAULT NULL,
  `created_at` datetime DEFAULT current_timestamp()
) ENGINE=InnoDB DEFAULT CHARSET=utf8;

--
-- Dumping data for table `packages`
--

INSERT INTO `packages` (`package_id`, `package_name`, `package_min_amount`, `package_max_amount`, `package_fees`, `package_roi`, `capping`, `package_color`, `package_image`, `created_at`) VALUES
(1, 'Bronze', 30, 499, 0, '0.50', 100, '', 'package1.jpeg', '2021-10-17 22:11:56'),
(2, 'Silver', 500, 999, 0, '0.60', 500, '', 'package2.jpeg', '2021-10-17 22:13:32'),
(3, 'Gold', 1000, 4999, 0, '0.70', 1000, '', 'package3.jpeg', '2021-10-17 22:25:14'),
(4, 'Platinum', 5000, 14999, 0, '0.75', 2000, '', 'package4.jpeg', '2021-10-17 22:26:25'),
(5, 'Diamond', 15000, 29999, 0, '0.85', 4000, '', 'package5.jpeg', '2021-10-17 22:27:37'),
(6, 'Mega Booster', 30000, 49999, 0, '1', 100000, '', 'package6.jpg', '2021-10-17 22:29:40'),
(7, 'Investor Offer', 50000, 100000, 0, '1.5', 100000, '', NULL, '2021-12-09 13:32:30');

-- --------------------------------------------------------

--
-- Table structure for table `paymen_history`
--

CREATE TABLE `paymen_history` (
  `id` int(11) NOT NULL,
  `user_id` varchar(255) DEFAULT NULL,
  `user_name` varchar(255) DEFAULT NULL,
  `refference_number` varchar(255) DEFAULT NULL,
  `payment_method` varchar(255) NOT NULL DEFAULT '0',
  `payment_module_id` varchar(255) NOT NULL,
  `is_processed` int(11) NOT NULL DEFAULT 0,
  `secrete_code` varchar(255) DEFAULT NULL,
  `amount` varchar(255) NOT NULL DEFAULT '0',
  `exchange_rate` varchar(255) DEFAULT NULL,
  `btc_address` varchar(255) DEFAULT NULL,
  `receiver_btc_address` varchar(255) DEFAULT NULL,
  `btc_post_response` text DEFAULT NULL,
  `checkout_amount` varchar(255) DEFAULT NULL,
  `btc_amount` varchar(255) DEFAULT NULL,
  `deposited_btc` varchar(255) DEFAULT NULL,
  `deposited_usd` varchar(255) DEFAULT NULL,
  `package_id` varchar(255) DEFAULT NULL,
  `old_balance` varchar(255) NOT NULL DEFAULT '0',
  `payment_details` longtext CHARACTER SET utf8 COLLATE utf8_croatian_ci DEFAULT NULL,
  `payment_post_status` longtext DEFAULT NULL,
  `transaction_hash` varchar(200) DEFAULT NULL,
  `status` varchar(255) NOT NULL DEFAULT '0',
  `is_viewed` tinyint(1) NOT NULL DEFAULT 0,
  `confirmations` int(11) NOT NULL DEFAULT 0,
  `date_created` varchar(25) DEFAULT NULL,
  `time_created` time DEFAULT NULL,
  `date_updated` varchar(25) DEFAULT NULL,
  `time_updated` varchar(25) DEFAULT NULL
) ENGINE=MyISAM DEFAULT CHARSET=latin1;

--
-- Dumping data for table `paymen_history`
--

INSERT INTO `paymen_history` (`id`, `user_id`, `user_name`, `refference_number`, `payment_method`, `payment_module_id`, `is_processed`, `secrete_code`, `amount`, `exchange_rate`, `btc_address`, `receiver_btc_address`, `btc_post_response`, `checkout_amount`, `btc_amount`, `deposited_btc`, `deposited_usd`, `package_id`, `old_balance`, `payment_details`, `payment_post_status`, `transaction_hash`, `status`, `is_viewed`, `confirmations`, `date_created`, `time_created`, `date_updated`, `time_updated`) VALUES
(1, '656', 'RivaldoTM', 'DEP803037537', 'perfect-money', '2', 0, NULL, '30', '0', 'U27227212', NULL, NULL, '30', NULL, '0', '0', '', '', 'Deposit section', NULL, '', '0', 0, 0, '2021-11-18', '07:12:18', '2021-11-18', '07:12:18'),
(2, '539', 'Admin001', 'DEP561163351', 'perfect-money', '2', 0, NULL, '100', '0', 'U27227212', NULL, NULL, '100', NULL, '0', '0', '', '', 'Deposit section', NULL, '', '0', 0, 0, '2021-11-22', '06:13:38', '2021-11-22', '06:13:38'),
(3, '699', 'kjlc004', 'DEP765861521', 'perfect-money', '2', 0, NULL, '500', '0', 'U27227212', NULL, NULL, '500', NULL, '0', '0', '', '', 'Deposit section', NULL, '', '0', 0, 0, '2021-11-26', '07:22:28', '2021-11-26', '07:22:28'),
(4, '539', 'Admin001', 'DEP230316582', 'perfect-money', '2', 0, NULL, '100', '0', 'U27227212', NULL, NULL, '100', NULL, '0', '0', '', '', 'Deposit section', NULL, '', '0', 0, 0, '2021-11-26', '08:17:15', '2021-11-26', '08:17:15'),
(5, '699', 'kjlc004', 'DEP954800277', 'perfect-money', '2', 0, NULL, '500', '0', 'U27227212', NULL, NULL, '500', NULL, '0', '0', '', '', 'Deposit section', NULL, '', '0', 0, 0, '2021-11-26', '12:11:10', '2021-11-26', '12:11:10'),
(6, '702', 'gulhassan', 'DEP179449153', 'perfect-money', '2', 0, NULL, '1000', '0', 'U27227212', NULL, NULL, '1000', NULL, '0', '0', '', '', 'Deposit section', NULL, '', '0', 0, 0, '2021-12-02', '23:10:45', '2021-12-02', '23:10:45'),
(7, '702', 'gulhassan', 'DEP966707842', 'perfect-money', '2', 0, NULL, '1000', '0', 'U27227212', NULL, '{\"PAYEE_ACCOUNT\":\"U27227212\",\"PAYMENT_ID\":\"7\",\"PAYMENT_AMOUNT\":\"1000\",\"PAYMENT_UNITS\":\"USD\",\"PAYMENT_BATCH_NUM\":\"436095169\",\"PAYER_ACCOUNT\":\"U17133732\",\"TIMESTAMPGMT\":\"1638510189\",\"V2_HASH\":\"5B8DF15EFDAD42F8FD937CBB468700C3\",\"FIELD_1\":\"7\",\"BAGGAGE_FIELDS\":\"FIELD_1\"}', '1000', NULL, '0', '1000', '', '', 'Deposit section Total Paid in Perfect money: 1000 PM payee account: U17133732 T iD: 7 Rcv PM account: U27227212 And payment Status: Complete', NULL, '', '1', 0, 0, '2021-12-02', '23:43:53', '2021-12-02', '23:45:26'),
(8, '642', 'Jamil123', 'DEP167473894', 'perfect-money', '2', 0, NULL, '100', '0', 'U27227212', NULL, NULL, '100', NULL, '0', '0', '', '', 'Deposit section', NULL, '', '0', 0, 0, '2021-12-12', '02:46:54', '2021-12-12', '02:46:54');

-- --------------------------------------------------------

--
-- Table structure for table `points`
--

CREATE TABLE `points` (
  `point_id` int(11) NOT NULL,
  `point_user_id` int(11) NOT NULL,
  `left_points` int(11) NOT NULL,
  `right_points` int(11) NOT NULL,
  `point_date` date NOT NULL
) ENGINE=InnoDB DEFAULT CHARSET=latin1;

--
-- Dumping data for table `points`
--

INSERT INTO `points` (`point_id`, `point_user_id`, `left_points`, `right_points`, `point_date`) VALUES
(1, 15, 10000, 0, '2021-11-17'),
(2, 626, 100, 0, '2021-11-17'),
(3, 623, 100, 0, '2021-11-17'),
(4, 539, 100, 0, '2021-11-17'),
(5, 15, 100, 0, '2021-11-17'),
(6, 627, 100, 0, '2021-11-18'),
(7, 626, 100, 0, '2021-11-18'),
(8, 623, 100, 0, '2021-11-18'),
(9, 539, 100, 0, '2021-11-18'),
(10, 15, 100, 0, '2021-11-18'),
(11, 628, 30, 0, '2021-11-18'),
(12, 627, 30, 0, '2021-11-18'),
(13, 626, 30, 0, '2021-11-18'),
(14, 623, 30, 0, '2021-11-18'),
(15, 539, 30, 0, '2021-11-18'),
(16, 15, 30, 0, '2021-11-18'),
(17, 539, 30, 0, '2021-11-18'),
(18, 15, 30, 0, '2021-11-18'),
(19, 628, 0, 100, '2021-11-18'),
(20, 627, 100, 0, '2021-11-18'),
(21, 626, 100, 0, '2021-11-18'),
(22, 623, 100, 0, '2021-11-18'),
(23, 539, 100, 0, '2021-11-18'),
(24, 15, 100, 0, '2021-11-18'),
(25, 634, 100, 0, '2021-11-18'),
(26, 633, 100, 0, '2021-11-18'),
(27, 632, 100, 0, '2021-11-18'),
(28, 631, 100, 0, '2021-11-18'),
(29, 630, 100, 0, '2021-11-18'),
(30, 628, 0, 100, '2021-11-18'),
(31, 627, 100, 0, '2021-11-18'),
(32, 626, 100, 0, '2021-11-18'),
(33, 623, 100, 0, '2021-11-18'),
(34, 539, 100, 0, '2021-11-18'),
(35, 15, 100, 0, '2021-11-18'),
(36, 652, 0, 50, '2021-11-18'),
(37, 651, 0, 50, '2021-11-18'),
(38, 650, 0, 50, '2021-11-18'),
(39, 647, 0, 50, '2021-11-18'),
(40, 646, 0, 50, '2021-11-18'),
(41, 629, 0, 50, '2021-11-18'),
(42, 628, 50, 0, '2021-11-18'),
(43, 627, 50, 0, '2021-11-18'),
(44, 626, 50, 0, '2021-11-18'),
(45, 623, 50, 0, '2021-11-18'),
(46, 539, 50, 0, '2021-11-18'),
(47, 15, 50, 0, '2021-11-18'),
(48, 657, 0, 30, '2021-11-18'),
(49, 652, 0, 30, '2021-11-18'),
(50, 651, 0, 30, '2021-11-18'),
(51, 650, 0, 30, '2021-11-18'),
(52, 647, 0, 30, '2021-11-18'),
(53, 646, 0, 30, '2021-11-18'),
(54, 629, 0, 30, '2021-11-18'),
(55, 628, 30, 0, '2021-11-18'),
(56, 627, 30, 0, '2021-11-18'),
(57, 626, 30, 0, '2021-11-18'),
(58, 623, 30, 0, '2021-11-18'),
(59, 539, 30, 0, '2021-11-18'),
(60, 15, 30, 0, '2021-11-18'),
(61, 658, 0, 30, '2021-11-18'),
(62, 657, 0, 30, '2021-11-18'),
(63, 652, 0, 30, '2021-11-18'),
(64, 651, 0, 30, '2021-11-18'),
(65, 650, 0, 30, '2021-11-18'),
(66, 647, 0, 30, '2021-11-18'),
(67, 646, 0, 30, '2021-11-18'),
(68, 629, 0, 30, '2021-11-18'),
(69, 628, 30, 0, '2021-11-18'),
(70, 627, 30, 0, '2021-11-18'),
(71, 626, 30, 0, '2021-11-18'),
(72, 623, 30, 0, '2021-11-18'),
(73, 539, 30, 0, '2021-11-18'),
(74, 15, 30, 0, '2021-11-18'),
(75, 660, 0, 100, '2021-11-18'),
(76, 658, 0, 100, '2021-11-18'),
(77, 657, 0, 100, '2021-11-18'),
(78, 652, 0, 100, '2021-11-18'),
(79, 651, 0, 100, '2021-11-18'),
(80, 650, 0, 100, '2021-11-18'),
(81, 647, 0, 100, '2021-11-18'),
(82, 646, 0, 100, '2021-11-18'),
(83, 629, 0, 100, '2021-11-18'),
(84, 628, 100, 0, '2021-11-18'),
(85, 627, 100, 0, '2021-11-18'),
(86, 626, 100, 0, '2021-11-18'),
(87, 623, 100, 0, '2021-11-18'),
(88, 539, 100, 0, '2021-11-18'),
(89, 15, 100, 0, '2021-11-18'),
(90, 661, 0, 30, '2021-11-18'),
(91, 660, 0, 30, '2021-11-18'),
(92, 658, 0, 30, '2021-11-18'),
(93, 657, 0, 30, '2021-11-18'),
(94, 652, 0, 30, '2021-11-18'),
(95, 651, 0, 30, '2021-11-18'),
(96, 650, 0, 30, '2021-11-18'),
(97, 647, 0, 30, '2021-11-18'),
(98, 646, 0, 30, '2021-11-18'),
(99, 629, 0, 30, '2021-11-18'),
(100, 628, 30, 0, '2021-11-18'),
(101, 627, 30, 0, '2021-11-18'),
(102, 626, 30, 0, '2021-11-18'),
(103, 623, 30, 0, '2021-11-18'),
(104, 539, 30, 0, '2021-11-18'),
(105, 15, 30, 0, '2021-11-18'),
(106, 662, 0, 30, '2021-11-18'),
(107, 661, 0, 30, '2021-11-18'),
(108, 660, 0, 30, '2021-11-18'),
(109, 658, 0, 30, '2021-11-18'),
(110, 657, 0, 30, '2021-11-18'),
(111, 652, 0, 30, '2021-11-18'),
(112, 651, 0, 30, '2021-11-18'),
(113, 650, 0, 30, '2021-11-18'),
(114, 647, 0, 30, '2021-11-18'),
(115, 646, 0, 30, '2021-11-18'),
(116, 629, 0, 30, '2021-11-18'),
(117, 628, 30, 0, '2021-11-18'),
(118, 627, 30, 0, '2021-11-18'),
(119, 626, 30, 0, '2021-11-18'),
(120, 623, 30, 0, '2021-11-18'),
(121, 539, 30, 0, '2021-11-18'),
(122, 15, 30, 0, '2021-11-18'),
(123, 645, 100, 0, '2021-11-18'),
(124, 644, 0, 100, '2021-11-18'),
(125, 643, 0, 100, '2021-11-18'),
(126, 642, 0, 100, '2021-11-18'),
(127, 630, 0, 100, '2021-11-18'),
(128, 628, 0, 100, '2021-11-18'),
(129, 627, 100, 0, '2021-11-18'),
(130, 626, 100, 0, '2021-11-18'),
(131, 623, 100, 0, '2021-11-18'),
(132, 539, 100, 0, '2021-11-18'),
(133, 15, 100, 0, '2021-11-18'),
(134, 669, 0, 100, '2021-11-18'),
(135, 665, 0, 100, '2021-11-18'),
(136, 664, 0, 100, '2021-11-18'),
(137, 653, 0, 100, '2021-11-18'),
(138, 648, 0, 100, '2021-11-18'),
(139, 645, 100, 0, '2021-11-18'),
(140, 644, 0, 100, '2021-11-18'),
(141, 643, 0, 100, '2021-11-18'),
(142, 642, 0, 100, '2021-11-18'),
(143, 630, 0, 100, '2021-11-18'),
(144, 628, 0, 100, '2021-11-18'),
(145, 627, 100, 0, '2021-11-18'),
(146, 626, 100, 0, '2021-11-18'),
(147, 623, 100, 0, '2021-11-18'),
(148, 539, 100, 0, '2021-11-18'),
(149, 15, 100, 0, '2021-11-18'),
(150, 667, 100, 0, '2021-11-18'),
(151, 665, 100, 0, '2021-11-18'),
(152, 664, 0, 100, '2021-11-18'),
(153, 653, 0, 100, '2021-11-18'),
(154, 648, 0, 100, '2021-11-18'),
(155, 645, 100, 0, '2021-11-18'),
(156, 644, 0, 100, '2021-11-18'),
(157, 643, 0, 100, '2021-11-18'),
(158, 642, 0, 100, '2021-11-18'),
(159, 630, 0, 100, '2021-11-18'),
(160, 628, 0, 100, '2021-11-18'),
(161, 627, 100, 0, '2021-11-18'),
(162, 626, 100, 0, '2021-11-18'),
(163, 623, 100, 0, '2021-11-18'),
(164, 539, 100, 0, '2021-11-18'),
(165, 15, 100, 0, '2021-11-18'),
(166, 665, 0, 700, '2021-11-18'),
(167, 664, 0, 700, '2021-11-18'),
(168, 653, 0, 700, '2021-11-18'),
(169, 648, 0, 700, '2021-11-18'),
(170, 645, 700, 0, '2021-11-18'),
(171, 644, 0, 700, '2021-11-18'),
(172, 643, 0, 700, '2021-11-18'),
(173, 642, 0, 700, '2021-11-18'),
(174, 630, 0, 700, '2021-11-18'),
(175, 628, 0, 700, '2021-11-18'),
(176, 627, 700, 0, '2021-11-18'),
(177, 626, 700, 0, '2021-11-18'),
(178, 623, 700, 0, '2021-11-18'),
(179, 539, 700, 0, '2021-11-18'),
(180, 15, 700, 0, '2021-11-18'),
(181, 665, 1000, 0, '2021-11-18'),
(182, 664, 0, 1000, '2021-11-18'),
(183, 653, 0, 1000, '2021-11-18'),
(184, 648, 0, 1000, '2021-11-18'),
(185, 645, 1000, 0, '2021-11-18'),
(186, 644, 0, 1000, '2021-11-18'),
(187, 643, 0, 1000, '2021-11-18'),
(188, 642, 0, 1000, '2021-11-18'),
(189, 630, 0, 1000, '2021-11-18'),
(190, 628, 0, 1000, '2021-11-18'),
(191, 627, 1000, 0, '2021-11-18'),
(192, 626, 1000, 0, '2021-11-18'),
(193, 623, 1000, 0, '2021-11-18'),
(194, 539, 1000, 0, '2021-11-18'),
(195, 15, 1000, 0, '2021-11-18'),
(196, 628, 70, 0, '2021-11-18'),
(197, 627, 70, 0, '2021-11-18'),
(198, 626, 70, 0, '2021-11-18'),
(199, 623, 70, 0, '2021-11-18'),
(200, 539, 70, 0, '2021-11-18'),
(201, 15, 70, 0, '2021-11-18'),
(202, 664, 0, 100, '2021-11-18'),
(203, 653, 0, 100, '2021-11-18'),
(204, 648, 0, 100, '2021-11-18'),
(205, 645, 100, 0, '2021-11-18'),
(206, 644, 0, 100, '2021-11-18'),
(207, 643, 0, 100, '2021-11-18'),
(208, 642, 0, 100, '2021-11-18'),
(209, 630, 0, 100, '2021-11-18'),
(210, 628, 0, 100, '2021-11-18'),
(211, 627, 100, 0, '2021-11-18'),
(212, 626, 100, 0, '2021-11-18'),
(213, 623, 100, 0, '2021-11-18'),
(214, 539, 100, 0, '2021-11-18'),
(215, 15, 100, 0, '2021-11-18'),
(216, 648, 100, 0, '2021-11-18'),
(217, 645, 100, 0, '2021-11-18'),
(218, 644, 0, 100, '2021-11-18'),
(219, 643, 0, 100, '2021-11-18'),
(220, 642, 0, 100, '2021-11-18'),
(221, 630, 0, 100, '2021-11-18'),
(222, 628, 0, 100, '2021-11-18'),
(223, 627, 100, 0, '2021-11-18'),
(224, 626, 100, 0, '2021-11-18'),
(225, 623, 100, 0, '2021-11-18'),
(226, 539, 100, 0, '2021-11-18'),
(227, 15, 100, 0, '2021-11-18'),
(228, 680, 0, 7100, '2021-11-18'),
(229, 679, 0, 7100, '2021-11-18'),
(230, 678, 0, 7100, '2021-11-18'),
(231, 674, 0, 7100, '2021-11-18'),
(232, 648, 7100, 0, '2021-11-18'),
(233, 645, 7100, 0, '2021-11-18'),
(234, 644, 0, 7100, '2021-11-18'),
(235, 643, 0, 7100, '2021-11-18'),
(236, 642, 0, 7100, '2021-11-18'),
(237, 630, 0, 7100, '2021-11-18'),
(238, 628, 0, 7100, '2021-11-18'),
(239, 627, 7100, 0, '2021-11-18'),
(240, 626, 7100, 0, '2021-11-18'),
(241, 623, 7100, 0, '2021-11-18'),
(242, 539, 7100, 0, '2021-11-18'),
(243, 15, 7100, 0, '2021-11-18'),
(244, 648, 300, 0, '2021-11-18'),
(245, 645, 300, 0, '2021-11-18'),
(246, 644, 0, 300, '2021-11-18'),
(247, 643, 0, 300, '2021-11-18'),
(248, 642, 0, 300, '2021-11-18'),
(249, 630, 0, 300, '2021-11-18'),
(250, 628, 0, 300, '2021-11-18'),
(251, 627, 300, 0, '2021-11-18'),
(252, 626, 300, 0, '2021-11-18'),
(253, 623, 300, 0, '2021-11-18'),
(254, 539, 300, 0, '2021-11-18'),
(255, 15, 300, 0, '2021-11-18'),
(256, 653, 0, 1000, '2021-11-19'),
(257, 648, 0, 1000, '2021-11-19'),
(258, 645, 1000, 0, '2021-11-19'),
(259, 644, 0, 1000, '2021-11-19'),
(260, 643, 0, 1000, '2021-11-19'),
(261, 642, 0, 1000, '2021-11-19'),
(262, 630, 0, 1000, '2021-11-19'),
(263, 628, 0, 1000, '2021-11-19'),
(264, 627, 1000, 0, '2021-11-19'),
(265, 626, 1000, 0, '2021-11-19'),
(266, 623, 1000, 0, '2021-11-19'),
(267, 539, 1000, 0, '2021-11-19'),
(268, 15, 1000, 0, '2021-11-19'),
(269, 648, 0, 100, '2021-11-19'),
(270, 645, 100, 0, '2021-11-19'),
(271, 644, 0, 100, '2021-11-19'),
(272, 643, 0, 100, '2021-11-19'),
(273, 642, 0, 100, '2021-11-19'),
(274, 630, 0, 100, '2021-11-19'),
(275, 628, 0, 100, '2021-11-19'),
(276, 627, 100, 0, '2021-11-19'),
(277, 626, 100, 0, '2021-11-19'),
(278, 623, 100, 0, '2021-11-19'),
(279, 539, 100, 0, '2021-11-19'),
(280, 15, 100, 0, '2021-11-19'),
(281, 623, 0, 100, '2021-11-20'),
(282, 539, 100, 0, '2021-11-20'),
(283, 15, 100, 0, '2021-11-20'),
(284, 683, 100, 0, '2021-11-20'),
(285, 623, 0, 100, '2021-11-20'),
(286, 539, 100, 0, '2021-11-20'),
(287, 15, 100, 0, '2021-11-20'),
(288, 629, 0, 100, '2021-11-21'),
(289, 628, 100, 0, '2021-11-21'),
(290, 627, 100, 0, '2021-11-21'),
(291, 626, 100, 0, '2021-11-21'),
(292, 623, 100, 0, '2021-11-21'),
(293, 539, 100, 0, '2021-11-21'),
(294, 15, 100, 0, '2021-11-21'),
(295, 663, 0, 30, '2021-11-21'),
(296, 662, 0, 30, '2021-11-21'),
(297, 661, 0, 30, '2021-11-21'),
(298, 660, 0, 30, '2021-11-21'),
(299, 658, 0, 30, '2021-11-21'),
(300, 657, 0, 30, '2021-11-21'),
(301, 652, 0, 30, '2021-11-21'),
(302, 651, 0, 30, '2021-11-21'),
(303, 650, 0, 30, '2021-11-21'),
(304, 647, 0, 30, '2021-11-21'),
(305, 646, 0, 30, '2021-11-21'),
(306, 629, 0, 30, '2021-11-21'),
(307, 628, 30, 0, '2021-11-21'),
(308, 627, 30, 0, '2021-11-21'),
(309, 626, 30, 0, '2021-11-21'),
(310, 623, 30, 0, '2021-11-21'),
(311, 539, 30, 0, '2021-11-21'),
(312, 15, 30, 0, '2021-11-21'),
(313, 650, 0, 30, '2021-11-21'),
(314, 647, 0, 30, '2021-11-21'),
(315, 646, 0, 30, '2021-11-21'),
(316, 629, 0, 30, '2021-11-21'),
(317, 628, 30, 0, '2021-11-21'),
(318, 627, 30, 0, '2021-11-21'),
(319, 626, 30, 0, '2021-11-21'),
(320, 623, 30, 0, '2021-11-21'),
(321, 539, 30, 0, '2021-11-21'),
(322, 15, 30, 0, '2021-11-21'),
(323, 671, 0, 100, '2021-11-22'),
(324, 670, 0, 100, '2021-11-22'),
(325, 669, 0, 100, '2021-11-22'),
(326, 665, 0, 100, '2021-11-22'),
(327, 664, 0, 100, '2021-11-22'),
(328, 653, 0, 100, '2021-11-22'),
(329, 648, 0, 100, '2021-11-22'),
(330, 645, 100, 0, '2021-11-22'),
(331, 644, 0, 100, '2021-11-22'),
(332, 643, 0, 100, '2021-11-22'),
(333, 642, 0, 100, '2021-11-22'),
(334, 630, 0, 100, '2021-11-22'),
(335, 628, 0, 100, '2021-11-22'),
(336, 627, 100, 0, '2021-11-22'),
(337, 626, 100, 0, '2021-11-22'),
(338, 623, 100, 0, '2021-11-22'),
(339, 539, 100, 0, '2021-11-22'),
(340, 15, 100, 0, '2021-11-22'),
(341, 694, 0, 100, '2021-11-22'),
(342, 671, 0, 100, '2021-11-22'),
(343, 670, 0, 100, '2021-11-22'),
(344, 669, 0, 100, '2021-11-22'),
(345, 665, 0, 100, '2021-11-22'),
(346, 664, 0, 100, '2021-11-22'),
(347, 653, 0, 100, '2021-11-22'),
(348, 648, 0, 100, '2021-11-22'),
(349, 645, 100, 0, '2021-11-22'),
(350, 644, 0, 100, '2021-11-22'),
(351, 643, 0, 100, '2021-11-22'),
(352, 642, 0, 100, '2021-11-22'),
(353, 630, 0, 100, '2021-11-22'),
(354, 628, 0, 100, '2021-11-22'),
(355, 627, 100, 0, '2021-11-22'),
(356, 626, 100, 0, '2021-11-22'),
(357, 623, 100, 0, '2021-11-22'),
(358, 539, 100, 0, '2021-11-22'),
(359, 15, 100, 0, '2021-11-22'),
(360, 683, 0, 100, '2021-11-28'),
(361, 623, 0, 100, '2021-11-28'),
(362, 539, 100, 0, '2021-11-28'),
(363, 15, 100, 0, '2021-11-28'),
(364, 694, 200, 0, '2021-12-03'),
(365, 671, 0, 200, '2021-12-03'),
(366, 670, 0, 200, '2021-12-03'),
(367, 669, 0, 200, '2021-12-03'),
(368, 665, 0, 200, '2021-12-03'),
(369, 664, 0, 200, '2021-12-03'),
(370, 653, 0, 200, '2021-12-03'),
(371, 648, 0, 200, '2021-12-03'),
(372, 645, 200, 0, '2021-12-03'),
(373, 644, 0, 200, '2021-12-03'),
(374, 643, 0, 200, '2021-12-03'),
(375, 642, 0, 200, '2021-12-03'),
(376, 630, 0, 200, '2021-12-03'),
(377, 628, 0, 200, '2021-12-03'),
(378, 627, 200, 0, '2021-12-03'),
(379, 626, 200, 0, '2021-12-03'),
(380, 623, 200, 0, '2021-12-03'),
(381, 539, 200, 0, '2021-12-03'),
(382, 15, 200, 0, '2021-12-03'),
(383, 698, 0, 1000, '2021-12-03'),
(384, 694, 1000, 0, '2021-12-03'),
(385, 671, 0, 1000, '2021-12-03'),
(386, 670, 0, 1000, '2021-12-03'),
(387, 669, 0, 1000, '2021-12-03'),
(388, 665, 0, 1000, '2021-12-03'),
(389, 664, 0, 1000, '2021-12-03'),
(390, 653, 0, 1000, '2021-12-03'),
(391, 648, 0, 1000, '2021-12-03'),
(392, 645, 1000, 0, '2021-12-03'),
(393, 644, 0, 1000, '2021-12-03'),
(394, 643, 0, 1000, '2021-12-03'),
(395, 642, 0, 1000, '2021-12-03'),
(396, 630, 0, 1000, '2021-12-03'),
(397, 628, 0, 1000, '2021-12-03'),
(398, 627, 1000, 0, '2021-12-03'),
(399, 626, 1000, 0, '2021-12-03'),
(400, 623, 1000, 0, '2021-12-03'),
(401, 539, 1000, 0, '2021-12-03'),
(402, 15, 1000, 0, '2021-12-03'),
(403, 705, 0, 30000, '2021-12-03'),
(404, 704, 0, 30000, '2021-12-03'),
(405, 703, 0, 30000, '2021-12-03'),
(406, 625, 0, 30000, '2021-12-03'),
(407, 624, 0, 30000, '2021-12-03'),
(408, 539, 0, 30000, '2021-12-03'),
(409, 15, 30000, 0, '2021-12-03'),
(410, 705, 0, 19999, '2021-12-04'),
(411, 704, 0, 19999, '2021-12-04'),
(412, 703, 0, 19999, '2021-12-04'),
(413, 625, 0, 19999, '2021-12-04'),
(414, 624, 0, 19999, '2021-12-04'),
(415, 539, 0, 19999, '2021-12-04'),
(416, 15, 19999, 0, '2021-12-04'),
(417, 688, 1000, 0, '2021-12-09'),
(418, 687, 1000, 0, '2021-12-09'),
(419, 686, 1000, 0, '2021-12-09'),
(420, 685, 1000, 0, '2021-12-09'),
(421, 655, 1000, 0, '2021-12-09'),
(422, 654, 1000, 0, '2021-12-09'),
(423, 649, 1000, 0, '2021-12-09'),
(424, 629, 1000, 0, '2021-12-09'),
(425, 628, 1000, 0, '2021-12-09'),
(426, 627, 1000, 0, '2021-12-09'),
(427, 626, 1000, 0, '2021-12-09'),
(428, 623, 1000, 0, '2021-12-09'),
(429, 539, 1000, 0, '2021-12-09'),
(430, 15, 1000, 0, '2021-12-09'),
(431, 701, 0, 300, '2021-12-10'),
(432, 683, 0, 300, '2021-12-10'),
(433, 623, 0, 300, '2021-12-10'),
(434, 539, 300, 0, '2021-12-10'),
(435, 15, 300, 0, '2021-12-10'),
(436, 712, 200, 0, '2021-12-10'),
(437, 701, 0, 200, '2021-12-10'),
(438, 683, 0, 200, '2021-12-10'),
(439, 623, 0, 200, '2021-12-10'),
(440, 539, 200, 0, '2021-12-10'),
(441, 15, 200, 0, '2021-12-10'),
(442, 705, 0, 100, '2021-12-10'),
(443, 704, 0, 100, '2021-12-10'),
(444, 703, 0, 100, '2021-12-10'),
(445, 625, 0, 100, '2021-12-10'),
(446, 624, 0, 100, '2021-12-10'),
(447, 539, 0, 100, '2021-12-10'),
(448, 15, 100, 0, '2021-12-10');

-- --------------------------------------------------------

--
-- Table structure for table `points_recieved`
--

CREATE TABLE `points_recieved` (
  `pr_id` int(11) NOT NULL,
  `pr_user_id` int(11) NOT NULL,
  `pr_points` bigint(20) NOT NULL,
  `pr_date` date NOT NULL,
  `pr_updated_at` date NOT NULL
) ENGINE=InnoDB DEFAULT CHARSET=latin1;

--
-- Dumping data for table `points_recieved`
--

INSERT INTO `points_recieved` (`pr_id`, `pr_user_id`, `pr_points`, `pr_date`, `pr_updated_at`) VALUES
(1, 628, 1530, '2021-11-18', '2021-12-09'),
(2, 665, 1100, '2021-11-18', '2021-12-03'),
(3, 648, 4500, '2021-11-19', '2021-12-03'),
(4, 694, 100, '2021-12-03', '0000-00-00'),
(5, 539, 14860, '2021-12-04', '2021-12-10'),
(6, 629, 430, '2021-12-09', '0000-00-00'),
(7, 623, 300, '2021-12-10', '0000-00-00');

-- --------------------------------------------------------

--
-- Table structure for table `rewards`
--

CREATE TABLE `rewards` (
  `reward_id` int(11) NOT NULL,
  `reward_left_investment` int(11) NOT NULL,
  `reward_right_investment` int(11) NOT NULL,
  `reward_title` varchar(255) NOT NULL,
  `reward_pic` varchar(255) DEFAULT NULL,
  `reward_date` datetime NOT NULL DEFAULT current_timestamp()
) ENGINE=InnoDB DEFAULT CHARSET=latin1;

--
-- Dumping data for table `rewards`
--

INSERT INTO `rewards` (`reward_id`, `reward_left_investment`, `reward_right_investment`, `reward_title`, `reward_pic`, `reward_date`) VALUES
(6, 10000, 10000, '$100', 'fiarbit_bainerylogo.png', '2018-11-13 20:36:47'),
(7, 30000, 30000, '$300', 'fiarbit_bainerylogo1.png', '2018-11-13 20:37:53'),
(8, 50000, 50000, '$500', 'fiarbit_bainerylogo2.png', '2018-11-13 20:38:14'),
(9, 80000, 80000, '$800', 'fiarbit_bainerylogo3.png', '2018-11-13 20:38:37'),
(10, 100000, 100000, '$1000', NULL, '2021-12-01 11:58:21');

-- --------------------------------------------------------

--
-- Table structure for table `tbl_settings`
--

CREATE TABLE `tbl_settings` (
  `id` int(11) NOT NULL,
  `name` varchar(255) DEFAULT NULL,
  `value` longtext CHARACTER SET utf8 DEFAULT NULL,
  `date_created` varchar(50) DEFAULT NULL,
  `date_updated` varchar(50) DEFAULT NULL,
  `status` tinyint(4) NOT NULL DEFAULT 1,
  `created_section` text DEFAULT NULL,
  `updated_section` text DEFAULT NULL
) ENGINE=InnoDB DEFAULT CHARSET=latin1;

--
-- Dumping data for table `tbl_settings`
--

INSERT INTO `tbl_settings` (`id`, `name`, `value`, `date_created`, `date_updated`, `status`, `created_section`, `updated_section`) VALUES
(1, 'front_end_title', 'TheSuperSol', NULL, NULL, 1, NULL, NULL),
(2, 'pm_account_id', 'U27227212', NULL, NULL, 1, NULL, NULL),
(3, 'pm_account_secrete', 'SlJ0g9r1qKq1W6VUkRGgQlZWt', NULL, NULL, 1, NULL, NULL),
(4, 'btc_api_key', '8a430a07-a6d5-4ef9-abbc-1b2eb9821531', NULL, NULL, 1, NULL, NULL),
(5, 'btc_xpub_key', 'xpub661MyMwAqRbcGqJrBATNQngPj7dTP4X2hyAWW1jYKwVXjQ5KcHDSErNFk2KoHbARmrxe8mXaySkV8MiJrik6M47ViXTCyZT7HMBWc8N186h', NULL, NULL, 1, NULL, NULL),
(6, 'btc_secrete', 'thesupersolS', NULL, NULL, 1, NULL, NULL),
(14, 'user_pm_section', '1', NULL, NULL, 1, NULL, NULL),
(15, 'user_skrill_section', '0', NULL, NULL, 1, NULL, NULL),
(16, 'dashbaord_bg_image', '1615_x_450.jpg', NULL, NULL, 1, NULL, NULL),
(17, 'user_btc_section', '1', NULL, NULL, 1, NULL, NULL),
(18, 'user_visa_section', '0', NULL, NULL, 1, NULL, NULL),
(19, 'coins_purchase_section', '1', NULL, NULL, 1, NULL, NULL),
(20, 'user_netteler_section', '0', NULL, NULL, 1, NULL, NULL),
(21, 'gap_limiter', '1', NULL, NULL, 1, NULL, NULL),
(22, 'gap_limits', '7', NULL, NULL, 1, NULL, NULL),
(23, 'user_signup_section', '1', NULL, NULL, 1, NULL, NULL),
(24, 'google_recaptcha_status', '1', NULL, NULL, 0, NULL, NULL),
(25, 'google_recaptcha_server', '6LeBlaQZAAAAAFyEfy7X1nKIQyg-6X39ORNJj3zT', NULL, NULL, 0, NULL, NULL),
(26, 'google_recaptcha_client', '6LeBlaQZAAAAAKQm1oOlo7dzJG95ADCPjLpFfgPl', NULL, NULL, 1, NULL, NULL),
(27, 'deposit_pop_up_btn_txt', 'Buy Bitcoin Locally', NULL, NULL, 1, NULL, NULL),
(28, 'deposit_pop_up_btn_url', 'https://localbitcoins.com/', NULL, NULL, 1, NULL, NULL),
(29, 'deposit_pop_up_image', 'LocalBitcoins_Promo1.jpg', NULL, NULL, 1, NULL, NULL),
(30, 'deposit_pop_up_status', '1', NULL, NULL, 1, NULL, NULL),
(31, 'deposit_btn_image', 'transparent_btn1.png', NULL, NULL, 1, NULL, NULL),
(32, 'deposit_pop_up_img_url', 'https://localbitcoins.com/', NULL, NULL, 1, NULL, NULL),
(33, 'btc_timer', '150', NULL, NULL, 1, NULL, NULL),
(34, 'internal_min', '50000', NULL, NULL, 1, NULL, NULL),
(35, 'internal_max', '50000', NULL, NULL, 1, NULL, NULL),
(36, 'internal_overall_status', '1', NULL, NULL, 1, NULL, NULL),
(37, 'activity_await_days', '15', NULL, NULL, 1, NULL, NULL),
(38, 'activity_await_mins', '0', NULL, NULL, 1, NULL, NULL),
(39, 'activity_await_hours', '0', NULL, NULL, 1, NULL, NULL),
(40, 'activity_await_status', '1', NULL, NULL, 1, NULL, NULL);

-- --------------------------------------------------------

--
-- Table structure for table `total_earnings`
--

CREATE TABLE `total_earnings` (
  `te_id` int(11) NOT NULL,
  `te_user_id` int(11) NOT NULL,
  `te_amount` varchar(50) NOT NULL
) ENGINE=InnoDB DEFAULT CHARSET=latin1;

--
-- Dumping data for table `total_earnings`
--

INSERT INTO `total_earnings` (`te_id`, `te_user_id`, `te_amount`) VALUES
(1, 539, '8'),
(2, 628, '2.4'),
(3, 539, '2.4'),
(4, 628, '8'),
(5, 630, '8'),
(6, 628, '2.1'),
(7, 629, '4'),
(8, 657, '2.4'),
(9, 658, '2.4'),
(10, 660, '8'),
(11, 628, '11.9'),
(12, 661, '2.4'),
(13, 662, '2.4'),
(14, 648, '8'),
(15, 628, '7'),
(16, 628, '5.6'),
(17, 628, '4.9'),
(18, 648, '8'),
(19, 665, '56'),
(20, 674, '300'),
(21, 628, '0.5'),
(22, 623, '0.15'),
(23, 629, '0.5'),
(24, 648, '80'),
(25, 539, '75'),
(26, 539, '75'),
(27, 648, '8'),
(28, 648, '100'),
(29, 623, '8'),
(30, 683, '8'),
(31, 629, '8'),
(32, 646, '2.4'),
(33, 628, '9.1'),
(34, 629, '2.4'),
(35, 628, '2.1'),
(36, 648, '8'),
(37, 648, '8'),
(38, 648, '14'),
(39, 539, '75'),
(40, 665, '14'),
(42, 539, '75'),
(43, 627, '0.5'),
(44, 628, '0.5'),
(45, 629, '0.5'),
(46, 623, '0.15'),
(47, 630, '0.5'),
(48, 635, '0.5'),
(49, 657, '0.25'),
(50, 658, '0.15'),
(51, 660, '0.15'),
(52, 661, '0.5'),
(53, 662, '0.15'),
(54, 663, '0.15'),
(55, 648, '0.5'),
(56, 670, '0.5'),
(57, 668, '0.5'),
(58, 669, '4.2'),
(59, 667, '7'),
(60, 665, '0.5'),
(61, 681, '53.25'),
(62, 674, '1.5'),
(63, 664, '7'),
(64, 653, '0.5'),
(65, 683, '0.5'),
(66, 684, '0.5'),
(67, 646, '0.5'),
(68, 693, '0.15'),
(69, 651, '0.15'),
(70, 694, '0.5'),
(71, 695, '0.5'),
(72, 539, '75'),
(73, 627, '0.5'),
(74, 628, '0.5'),
(75, 629, '0.5'),
(76, 623, '0.15'),
(77, 630, '0.5'),
(78, 635, '0.5'),
(79, 657, '0.25'),
(80, 658, '0.15'),
(81, 660, '0.15'),
(82, 661, '0.5'),
(83, 662, '0.15'),
(84, 663, '0.15'),
(85, 648, '0.5'),
(86, 670, '0.5'),
(87, 668, '0.5'),
(88, 669, '4.2'),
(89, 667, '7'),
(90, 665, '0.5'),
(91, 681, '53.25'),
(92, 674, '1.5'),
(93, 664, '7'),
(94, 653, '0.5'),
(95, 683, '0.5'),
(96, 684, '0.5'),
(97, 646, '0.5'),
(98, 693, '0.15'),
(99, 651, '0.15'),
(100, 694, '0.5'),
(101, 695, '0.5'),
(102, 539, '75'),
(103, 627, '0.5'),
(104, 628, '0.5'),
(105, 629, '0.5'),
(106, 623, '0.15'),
(107, 630, '0.5'),
(108, 635, '0.5'),
(109, 657, '0.25'),
(110, 658, '0.15'),
(111, 660, '0.15'),
(112, 661, '0.5'),
(113, 662, '0.15'),
(114, 663, '0.15'),
(115, 648, '0.5'),
(116, 670, '0.5'),
(117, 668, '0.5'),
(118, 669, '4.2'),
(119, 667, '7'),
(120, 665, '0.5'),
(121, 681, '53.25'),
(122, 674, '1.5'),
(123, 664, '7'),
(124, 653, '0.5'),
(125, 683, '0.5'),
(126, 684, '0.5'),
(127, 646, '0.5'),
(128, 693, '0.15'),
(129, 651, '0.15'),
(130, 694, '0.5'),
(131, 695, '0.5'),
(132, 539, '75'),
(133, 627, '0.5'),
(134, 628, '0.5'),
(135, 629, '0.5'),
(136, 623, '0.15'),
(137, 630, '0.5'),
(138, 635, '0.5'),
(139, 657, '0.25'),
(140, 658, '0.15'),
(141, 660, '0.15'),
(142, 661, '0.5'),
(143, 662, '0.15'),
(144, 663, '0.15'),
(145, 648, '0.5'),
(146, 670, '0.5'),
(147, 668, '0.5'),
(148, 669, '4.2'),
(149, 667, '7'),
(150, 665, '0.5'),
(151, 681, '53.25'),
(152, 674, '1.5'),
(153, 664, '7'),
(154, 653, '0.5'),
(155, 683, '0.5'),
(156, 684, '0.5'),
(157, 646, '0.5'),
(158, 693, '0.15'),
(159, 651, '0.15'),
(160, 694, '0.5'),
(161, 695, '0.5'),
(162, 539, '75'),
(163, 627, '0.5'),
(164, 628, '0.5'),
(165, 629, '0.5'),
(166, 623, '0.15'),
(167, 630, '0.5'),
(168, 635, '0.5'),
(169, 657, '0.25'),
(170, 658, '0.15'),
(171, 660, '0.15'),
(172, 661, '0.5'),
(173, 662, '0.15'),
(174, 663, '0.15'),
(175, 648, '0.5'),
(176, 670, '0.5'),
(177, 668, '0.5'),
(178, 669, '4.2'),
(179, 667, '7'),
(180, 665, '0.5'),
(181, 681, '53.25'),
(182, 674, '1.5'),
(183, 664, '7'),
(184, 653, '0.5'),
(185, 683, '0.5'),
(186, 684, '0.5'),
(187, 646, '0.5'),
(188, 693, '0.15'),
(189, 651, '0.15'),
(190, 694, '0.5'),
(191, 695, '0.5'),
(192, 623, '8'),
(193, 539, '75'),
(194, 627, '0.5'),
(195, 628, '0.5'),
(196, 629, '0.5'),
(197, 623, '0.15'),
(198, 630, '0.5'),
(199, 635, '0.5'),
(200, 657, '0.25'),
(201, 658, '0.15'),
(202, 660, '0.15'),
(203, 661, '0.5'),
(204, 662, '0.15'),
(205, 663, '0.15'),
(206, 648, '0.5'),
(207, 670, '0.5'),
(208, 668, '0.5'),
(209, 669, '4.2'),
(210, 667, '7'),
(211, 665, '0.5'),
(212, 681, '53.25'),
(213, 674, '1.5'),
(214, 664, '7'),
(215, 653, '0.5'),
(216, 683, '0.5'),
(217, 684, '0.5'),
(218, 646, '0.5'),
(219, 693, '0.15'),
(220, 651, '0.15'),
(221, 694, '0.5'),
(222, 695, '0.5'),
(223, 701, '0.5'),
(224, 539, '75'),
(225, 627, '0.5'),
(226, 628, '0.5'),
(227, 629, '0.5'),
(228, 623, '0.15'),
(229, 630, '0.5'),
(230, 635, '0.5'),
(231, 657, '0.25'),
(232, 658, '0.15'),
(233, 660, '0.15'),
(234, 661, '0.5'),
(235, 662, '0.15'),
(236, 663, '0.15'),
(237, 648, '0.5'),
(238, 670, '0.5'),
(239, 668, '0.5'),
(240, 669, '4.2'),
(241, 667, '7'),
(242, 665, '0.5'),
(243, 681, '53.25'),
(244, 674, '1.5'),
(245, 664, '7'),
(246, 653, '0.5'),
(247, 683, '0.5'),
(248, 684, '0.5'),
(249, 646, '0.5'),
(250, 693, '0.15'),
(251, 651, '0.15'),
(252, 694, '0.5'),
(253, 695, '0.5'),
(254, 701, '0.5'),
(255, 539, '75'),
(256, 627, '0.5'),
(257, 628, '0.5'),
(258, 629, '0.5'),
(259, 623, '0.15'),
(260, 630, '0.5'),
(261, 635, '0.5'),
(262, 657, '0.25'),
(263, 658, '0.15'),
(264, 660, '0.15'),
(265, 661, '0.5'),
(266, 662, '0.15'),
(267, 663, '0.15'),
(268, 648, '0.5'),
(269, 670, '0.5'),
(270, 668, '0.5'),
(271, 669, '4.2'),
(272, 667, '7'),
(273, 665, '0.5'),
(274, 681, '53.25'),
(275, 674, '1.5'),
(276, 664, '7'),
(277, 653, '0.5'),
(278, 683, '0.5'),
(279, 684, '0.5'),
(280, 646, '0.5'),
(281, 693, '0.15'),
(282, 651, '0.15'),
(283, 694, '0.5'),
(284, 695, '0.5'),
(285, 701, '0.5'),
(286, 539, '75'),
(287, 627, '0.5'),
(288, 628, '0.5'),
(289, 629, '0.5'),
(290, 623, '0.15'),
(291, 630, '0.5'),
(292, 635, '0.5'),
(293, 657, '0.25'),
(294, 658, '0.15'),
(295, 660, '0.15'),
(296, 661, '0.5'),
(297, 662, '0.15'),
(298, 663, '0.15'),
(299, 648, '0.5'),
(300, 670, '0.5'),
(301, 668, '0.5'),
(302, 669, '4.2'),
(303, 667, '7'),
(304, 665, '0.5'),
(305, 681, '53.25'),
(306, 674, '1.5'),
(307, 664, '7'),
(308, 653, '0.5'),
(309, 683, '0.5'),
(310, 684, '0.5'),
(311, 646, '0.5'),
(312, 693, '0.15'),
(313, 651, '0.15'),
(314, 694, '0.5'),
(315, 695, '0.5'),
(316, 701, '0.5'),
(317, 539, '75'),
(318, 627, '0.5'),
(319, 628, '0.5'),
(320, 629, '0.5'),
(321, 623, '0.15'),
(322, 630, '0.5'),
(323, 635, '0.5'),
(324, 657, '0.25'),
(325, 658, '0.15'),
(326, 660, '0.15'),
(327, 661, '0.5'),
(328, 662, '0.15'),
(329, 663, '0.15'),
(330, 648, '0.5'),
(331, 670, '0.5'),
(332, 668, '0.5'),
(333, 669, '4.2'),
(334, 667, '7'),
(335, 665, '0.5'),
(336, 681, '53.25'),
(337, 674, '1.5'),
(338, 664, '7'),
(339, 653, '0.5'),
(340, 683, '0.5'),
(341, 684, '0.5'),
(342, 646, '0.5'),
(343, 693, '0.15'),
(344, 651, '0.15'),
(345, 694, '0.5'),
(346, 695, '0.5'),
(347, 701, '0.5'),
(348, 694, '16'),
(349, 698, '80'),
(350, 648, '84'),
(351, 694, '7'),
(352, 539, '2400'),
(353, 665, '7'),
(354, 539, '1599.92'),
(355, 539, '935.2'),
(356, 539, '75'),
(357, 627, '0.5'),
(358, 628, '0.5'),
(359, 629, '0.5'),
(360, 623, '0.15'),
(361, 630, '0.5'),
(362, 635, '0.5'),
(363, 657, '0.25'),
(364, 658, '0.15'),
(365, 660, '0.15'),
(366, 661, '0.5'),
(367, 662, '0.15'),
(368, 663, '0.15'),
(369, 648, '0.5'),
(370, 670, '0.5'),
(371, 668, '0.5'),
(372, 669, '4.2'),
(373, 667, '7'),
(374, 665, '0.5'),
(375, 681, '53.25'),
(376, 674, '1.5'),
(377, 664, '7'),
(378, 653, '0.5'),
(379, 683, '0.5'),
(380, 684, '0.5'),
(381, 646, '0.5'),
(382, 693, '0.15'),
(383, 651, '0.15'),
(384, 694, '0.5'),
(385, 695, '0.5'),
(386, 701, '0.5'),
(387, 698, '1'),
(388, 702, '7'),
(389, 706, '499.99'),
(390, 539, '75'),
(391, 627, '0.5'),
(392, 628, '0.5'),
(393, 629, '0.5'),
(394, 623, '0.15'),
(395, 630, '0.5'),
(396, 635, '0.5'),
(397, 657, '0.25'),
(398, 658, '0.15'),
(399, 660, '0.15'),
(400, 661, '0.5'),
(401, 662, '0.15'),
(402, 663, '0.15'),
(403, 648, '0.5'),
(404, 670, '0.5'),
(405, 668, '0.5'),
(406, 669, '4.2'),
(407, 667, '7'),
(408, 665, '0.5'),
(409, 681, '53.25'),
(410, 674, '1.5'),
(411, 664, '7'),
(412, 653, '0.5'),
(413, 683, '0.5'),
(414, 684, '0.5'),
(415, 646, '0.5'),
(416, 693, '0.15'),
(417, 651, '0.15'),
(418, 694, '0.5'),
(419, 695, '0.5'),
(420, 701, '0.5'),
(421, 698, '1'),
(422, 702, '7'),
(423, 706, '499.99'),
(424, 539, '75'),
(425, 627, '0.5'),
(426, 628, '0.5'),
(427, 629, '0.5'),
(428, 623, '0.15'),
(429, 630, '0.5'),
(430, 635, '0.5'),
(431, 657, '0.25'),
(432, 658, '0.15'),
(433, 660, '0.15'),
(434, 661, '0.5'),
(435, 662, '0.15'),
(436, 663, '0.15'),
(437, 648, '0.5'),
(438, 670, '0.5'),
(439, 668, '0.5'),
(440, 669, '4.2'),
(441, 667, '7'),
(442, 665, '0.5'),
(443, 681, '53.25'),
(444, 674, '1.5'),
(445, 664, '7'),
(446, 653, '0.5'),
(447, 683, '0.5'),
(448, 684, '0.5'),
(449, 646, '0.5'),
(450, 693, '0.15'),
(451, 651, '0.15'),
(452, 694, '0.5'),
(453, 695, '0.5'),
(454, 701, '0.5'),
(455, 698, '1'),
(456, 702, '7'),
(457, 706, '499.99'),
(458, 539, '75'),
(459, 627, '0.5'),
(460, 628, '0.5'),
(461, 629, '0.5'),
(462, 623, '0.15'),
(463, 630, '0.5'),
(464, 635, '0.5'),
(465, 657, '0.25'),
(466, 658, '0.15'),
(467, 660, '0.15'),
(468, 661, '0.5'),
(469, 662, '0.15'),
(470, 663, '0.15'),
(471, 648, '0.5'),
(472, 670, '0.5'),
(473, 668, '0.5'),
(474, 669, '4.2'),
(475, 667, '7'),
(476, 665, '0.5'),
(477, 681, '53.25'),
(478, 674, '1.5'),
(479, 664, '7'),
(480, 653, '0.5'),
(481, 683, '0.5'),
(482, 684, '0.5'),
(483, 646, '0.5'),
(484, 693, '0.15'),
(485, 651, '0.15'),
(486, 694, '0.5'),
(487, 695, '0.5'),
(488, 701, '0.5'),
(489, 698, '1'),
(490, 702, '7'),
(491, 706, '499.99'),
(492, 629, '80'),
(493, 539, '70'),
(494, 628, '70'),
(495, 629, '30.1'),
(496, 539, '75'),
(497, 627, '0.5'),
(498, 628, '0.5'),
(499, 629, '0.5'),
(500, 623, '0.15'),
(501, 630, '0.5'),
(502, 635, '0.5'),
(503, 657, '0.25'),
(504, 658, '0.15'),
(505, 660, '0.15'),
(506, 661, '0.5'),
(507, 662, '0.15'),
(508, 663, '0.15'),
(509, 648, '0.5'),
(510, 670, '0.5'),
(511, 668, '0.5'),
(512, 669, '4.2'),
(513, 667, '7'),
(514, 665, '0.5'),
(515, 681, '53.25'),
(516, 674, '1.5'),
(517, 664, '7'),
(518, 653, '0.5'),
(519, 683, '0.5'),
(520, 684, '0.5'),
(521, 646, '0.5'),
(522, 693, '0.15'),
(523, 651, '0.15'),
(524, 694, '0.5'),
(525, 695, '0.5'),
(526, 701, '0.5'),
(527, 698, '1'),
(528, 702, '7'),
(529, 706, '499.99'),
(530, 711, '7'),
(531, 623, '21'),
(532, 623, '24'),
(533, 712, '16'),
(534, 539, '35'),
(535, 539, '8'),
(536, 539, '75'),
(537, 627, '0.5'),
(538, 628, '0.5'),
(539, 629, '0.5'),
(540, 623, '0.15'),
(541, 630, '0.5'),
(542, 635, '0.5'),
(543, 657, '0.25'),
(544, 658, '0.15'),
(545, 660, '0.15'),
(546, 661, '0.5'),
(547, 662, '0.15'),
(548, 663, '0.15'),
(549, 648, '0.5'),
(550, 670, '0.5'),
(551, 668, '0.5'),
(552, 669, '4.2'),
(553, 667, '7'),
(554, 665, '0.5'),
(555, 681, '53.25'),
(556, 674, '1.5'),
(557, 664, '7'),
(558, 653, '0.5'),
(559, 683, '0.5'),
(560, 684, '0.5'),
(561, 646, '0.5'),
(562, 693, '0.15'),
(563, 651, '0.15'),
(564, 694, '0.5'),
(565, 695, '0.5'),
(566, 701, '0.5'),
(567, 698, '1'),
(568, 702, '7'),
(569, 706, '751.485'),
(570, 711, '7'),
(571, 712, '1.5'),
(572, 713, '1');

-- --------------------------------------------------------

--
-- Table structure for table `users`
--

CREATE TABLE `users` (
  `id` int(11) NOT NULL,
  `fullname` varchar(233) NOT NULL,
  `email` varchar(233) NOT NULL,
  `username` varchar(233) NOT NULL,
  `password` varchar(255) NOT NULL,
  `sponsor_code` varchar(233) NOT NULL,
  `gender` varchar(20) NOT NULL,
  `wallet_address` varchar(50) DEFAULT NULL,
  `cnic_passport_bill` varchar(30) NOT NULL,
  `cpu_value` varchar(20) NOT NULL,
  `dob` date NOT NULL,
  `contact_no` varchar(50) DEFAULT NULL,
  `profile_pic` varchar(255) DEFAULT 'user_user.jpg',
  `parent_id` int(11) NOT NULL DEFAULT 0,
  `referral_id` int(11) DEFAULT NULL,
  `position` varchar(25) NOT NULL DEFAULT 'null',
  `beta_position` int(11) NOT NULL DEFAULT 0,
  `beta_parent_id` int(11) NOT NULL DEFAULT 0,
  `alpha_parent_id` int(11) NOT NULL DEFAULT 0,
  `country` varchar(255) DEFAULT NULL,
  `password_time` varchar(255) DEFAULT NULL,
  `created_at` datetime NOT NULL DEFAULT current_timestamp(),
  `role` varchar(233) NOT NULL DEFAULT 'user',
  `status` int(2) NOT NULL DEFAULT 1
) ENGINE=InnoDB DEFAULT CHARSET=utf8;

--
-- Dumping data for table `users`
--

INSERT INTO `users` (`id`, `fullname`, `email`, `username`, `password`, `sponsor_code`, `gender`, `wallet_address`, `cnic_passport_bill`, `cpu_value`, `dob`, `contact_no`, `profile_pic`, `parent_id`, `referral_id`, `position`, `beta_position`, `beta_parent_id`, `alpha_parent_id`, `country`, `password_time`, `created_at`, `role`, `status`) VALUES
(1, 'Admin', 'admin@gmail.com', 'admin', '123456789', 'dEgQ3vZr', 'Male', 'JHd783490909vdsfnklJKHJGHJHadmin', '', '', '0000-00-00', '0', 'user_user.jpg', 0, NULL, '0', 0, 0, 0, NULL, NULL, '2018-10-11 15:33:48', 'admin', 1),
(15, 'waqas ahmad', 'muhammadw873@gmail.com', 'waqas873', '123456789', 'nhY3B57P', 'Male', '138sA9xTuL5QKCEKnWZD6U8ezyKkrev68w', 'CNIC', '3520192933345', '1980-01-01', '03029393304', 'user_user.jpg', 0, NULL, 'right', 0, 0, 0, NULL, '1636395782', '2018-10-25 15:41:23', 'user', 1),
(539, 'Muhammad irfan', 'mbtcdigital123@gmail.com', 'Admin001', 'm123456789m', 'Irfan786', 'Male', 'U27227212', '', '', '0000-00-00', '+996507529532', 'user_user.jpg', 15, NULL, 'left', 0, 0, 0, 'Kyrgyzstan', NULL, '2021-10-28 23:38:55', 'user', 1),
(623, 'Syed Faheem sherazi ', 'megabusinessoftrading@gmail.com', 'Faheem001', '11223344', '6k4Ff1An', 'Male', 'U25566625', '', '', '0000-00-00', '+996507529532', 'user_user.jpg', 539, 539, 'left', 0, 0, 0, 'Pakistan', NULL, '2021-11-18 01:44:23', 'user', 1),
(624, 'Damoo dami', 'megabusinessoftrading@gmail.com', 'Mega123', '11223344', 'gUEpovjx', 'Male', NULL, '', '', '0000-00-00', '+996 550 770 550', 'user_user.jpg', 539, 539, 'right', 0, 0, 0, 'Pakistan', NULL, '2021-11-18 01:46:42', 'user', 1),
(625, 'Mega dami', 'megabusinessoftrading@gmail.com', 'Mega1234', '11223344', 'TBCGfeSh', 'Male', NULL, '', '', '0000-00-00', '+9965505550550', 'user_user.jpg', 624, 539, 'right', 0, 0, 0, 'Pakistan', NULL, '2021-11-18 01:48:26', 'user', 1),
(626, 'Faisal shah', 'syedfaheems479@gmail.com', 'Faisal156', '11223344', 'KQYt31zC', 'Male', NULL, '', '', '0000-00-00', '+9230617588836', 'user_user.jpg', 623, 539, 'left', 0, 0, 0, 'Pakistan', NULL, '2021-11-18 01:53:04', 'user', 1),
(627, 'Damoo admin ', 'megabusinessoftrading@gmail.com', 'Damoo12345', '1122334455', 'ZDk7vOHh', 'Male', NULL, '', '', '0000-00-00', '+92306175836', 'user_user.jpg', 626, 539, 'left', 0, 0, 0, 'Pakistan', NULL, '2021-11-18 01:56:19', 'user', 1),
(628, 'Admin ', 'a03066503915@gmail.com', 'Admin003', 'Malik2224967', 'Admin003', 'Male', 'U29733091', '', '', '0000-00-00', '+923017424967', 'user_user.jpg', 627, 623, 'left', 0, 0, 0, 'Pakistan', NULL, '2021-11-18 03:08:33', 'user', 1),
(629, 'Malik aslam ', 'ijaz03045001693@gmail.com', 'Badshah123', 'Malik2224967', 'Mushtarka', 'Male', 'U29733091', '', '', '0000-00-00', '+923017424967', 'user_user.jpg', 628, 628, 'left', 0, 0, 0, 'Pakistan', '1638424230', '2021-11-18 03:12:26', 'user', 1),
(630, 'Awais', 'awaishafeez253@gmail.com', 'awais77', '1532913', 'wuCPDZIf', 'Male', NULL, '', '', '0000-00-00', '+923007336677', 'user_user.jpg', 628, 628, 'right', 0, 0, 0, 'Pakistan', NULL, '2021-11-18 03:25:58', 'user', 1),
(631, 'junais', 'awaishafeez253@gmail.com', 'junid12', '1532913', 'jftGcY4P', 'Male', NULL, '', '', '0000-00-00', '+923007336677', 'user_user.jpg', 630, 630, 'left', 0, 0, 0, 'Pakistan', NULL, '2021-11-18 03:29:04', 'user', 1),
(632, 'junaid', 'awaishafeez253@gmail.com', 'junid13', '1532913', 'dWHkZ4r2', 'Male', NULL, '', '', '0000-00-00', '+923007336677', 'user_user.jpg', 631, 630, 'left', 0, 0, 0, 'Pakistan', NULL, '2021-11-18 03:30:27', 'user', 1),
(633, 'junaid', 'awaishafeez253@gmail.com', 'junid14', '1532913', 'hD5leJtL', 'Male', NULL, '', '', '0000-00-00', '+923007336677', 'user_user.jpg', 632, 630, 'left', 0, 0, 0, 'Pakistan', NULL, '2021-11-18 03:31:33', 'user', 1),
(634, 'junaid', 'awaishafeez253@gmail.com', 'junid15', '1532913', 'AtYqamN0', 'Male', NULL, '', '', '0000-00-00', '+923007336677', 'user_user.jpg', 633, 630, 'left', 0, 0, 0, 'Pakistan', NULL, '2021-11-18 03:32:42', 'user', 1),
(635, 'danish', 'chdanish753@gmail.com', 'danish499', '123456788', 'zRmSa4Eu', 'Male', NULL, '', '', '0000-00-00', '+923014676499', 'user_user.jpg', 634, 630, 'left', 0, 0, 0, 'Pakistan', NULL, '2021-11-18 03:34:34', 'user', 1),
(636, 'junaid', 'awaishafeez253@gmail.com', 'junid16', '1532913', 'PnhJ4z7u', 'Male', NULL, '', '', '0000-00-00', '+923007336677', 'user_user.jpg', 635, 630, 'left', 0, 0, 0, 'Pakistan', NULL, '2021-11-18 03:51:21', 'user', 1),
(637, 'junaid', 'awaishafeez253@gmail.com', 'junid17', '1532913', 'puod6jgX', 'Male', NULL, '', '', '0000-00-00', '+923007336677', 'user_user.jpg', 636, 630, 'left', 0, 0, 0, 'Pakistan', NULL, '2021-11-18 03:52:28', 'user', 1),
(638, 'junaid', 'awaishafeez253@gmail.com', 'junid18', '1532913', '8zWGTh6N', 'Male', NULL, '', '', '0000-00-00', '+923007336677', 'user_user.jpg', 637, 630, 'left', 0, 0, 0, 'Pakistan', NULL, '2021-11-18 03:53:31', 'user', 1),
(639, 'junaid', 'awaishafeez253@gmail.com', 'junid19', '1532913', 'Gkne8Wxp', 'Male', NULL, '', '', '0000-00-00', '+923007336677', 'user_user.jpg', 638, 630, 'left', 0, 0, 0, 'Pakistan', NULL, '2021-11-18 03:54:27', 'user', 1),
(640, 'junaid', 'awaishafeez253@gmail.com', 'junid10', '1532913', '31HJiRPL', 'Male', NULL, '', '', '0000-00-00', '+923007336677', 'user_user.jpg', 639, 630, 'left', 0, 0, 0, 'Pakistan', NULL, '2021-11-18 03:56:00', 'user', 1),
(641, 'mumtaz', 'muhammadmumtaz1126@gmail.com', 'mumtaz123', '123456789', 'q2NMKc6R', 'Male', NULL, '', '', '0000-00-00', '+923468881126', 'user_user.jpg', 640, 630, 'left', 0, 0, 0, 'Pakistan', NULL, '2021-11-18 04:10:55', 'user', 1),
(642, 'Jamil', 'Jk8882564@gmail.com', 'Jamil123', 'J07194khan', '74LAWDeY', 'Male', NULL, '', '', '0000-00-00', '+996555165695', 'user_user.jpg', 630, 630, 'right', 0, 0, 0, 'Kyrgyzstan', NULL, '2021-11-18 08:44:29', 'user', 1),
(643, 'Malik Younas', 'themalikyounis@gmail.com', 'Malik786', 'Malik7864', 'Tsyq39GQ', 'Male', NULL, '', '', '0000-00-00', '+923006256874', 'user_user.jpg', 642, 642, 'right', 0, 0, 0, 'Pakistan', NULL, '2021-11-18 08:50:07', 'user', 1),
(644, 'M zawar khan', 'zawarbhutta2020@gmail.com', 'King78', '11223344', 'YDBsVGwM', 'Male', NULL, '', '', '0000-00-00', '+923017875112', 'user_user.jpg', 643, 643, 'right', 0, 0, 0, 'Pakistan', NULL, '2021-11-18 09:01:27', 'user', 1),
(645, 'tahir ullah khan', 'ranak4396@gmail.com', 'Mbtc1Leader1', 'pakistan12', '8m3icId4', 'Male', NULL, '', '', '0000-00-00', '+923333153300', 'user_user.jpg', 644, 644, 'right', 0, 0, 0, 'Pakistan', NULL, '2021-11-18 09:05:05', 'user', 1),
(646, 'Muhammadaslam', 'ijaz03045001693@gmaol.com', 'Multan1122', 'Malik@2224967', 'KVXgIBwG', 'Male', NULL, '', '', '0000-00-00', '+92 301 7424967', 'user_user.jpg', 629, 629, 'right', 0, 0, 0, 'Pakistan', NULL, '2021-11-18 09:10:08', 'user', 1),
(647, 'Muhammadaslam', 'ijaz03045001693@gmaol.com', 'Multan2211', 'Malik@2224967', 'gn2K0f6H', 'Male', NULL, '', '', '0000-00-00', '+92 301 7424967', 'user_user.jpg', 646, 629, 'right', 0, 0, 0, 'Pakistan', NULL, '2021-11-18 09:11:58', 'user', 1),
(648, 'Zulfiqar ali', 'zulfqarjokhio1397@gmail.com', 'Milliner110', '786110', 'tbLh3F2O', 'Male', 'U30897101', '', '', '0000-00-00', '+923052633285', 'user_user.jpg', 645, 645, 'left', 0, 0, 0, 'Pakistan', NULL, '2021-11-18 09:13:47', 'user', 1),
(649, 'Ubaid Rao', 'ssmultan01@gmail.com', 'Multan2121', 'Naqabhijab143#', 'UbaidRao1', 'Male', 'U36924756', '', '', '0000-00-00', '+923006308501', 'user_user.jpg', 629, 629, 'left', 0, 0, 0, 'Pakistan', NULL, '2021-11-18 09:14:52', 'user', 1),
(650, 'Muhammadaslam', 'ijaz03045001693@gmaol.com', 'Pakistan1122', 'Malik@2224967', '98PSCiDK', 'Male', NULL, '', '', '0000-00-00', '+923017424967', 'user_user.jpg', 647, 629, 'right', 0, 0, 0, 'Pakistan', NULL, '2021-11-18 09:16:30', 'user', 1),
(651, 'Shahid nawaz ', 'shahidnawaz313@gmail.com', 'Shahid123', 'pakistan123', 'nvs8W3Fo', 'Male', 'U124456778', '', '', '0000-00-00', '+923017424967', 'user_user.jpg', 650, 629, 'right', 0, 0, 0, 'Pakistan', NULL, '2021-11-18 09:17:41', 'user', 1),
(652, 'Muhammadaslam', 'ijaz03045001693@gmaol.com', 'Pakistan2121', 'Malik@2224967', 'rIpaFShy', 'Male', NULL, '', '', '0000-00-00', '+923017424967', 'user_user.jpg', 651, 629, 'right', 0, 0, 0, 'Pakistan', NULL, '2021-11-18 09:18:29', 'user', 1),
(653, 'haq nawaz', 'haq826553@gmail.com', 'jaan110', '786110', '0wPidXax', 'Male', '000000', '', '', '0000-00-00', '03003200133', 'user_user.jpg', 648, 648, 'right', 0, 0, 0, 'Pakistan', NULL, '2021-11-18 09:18:50', 'user', 1),
(654, 'Rao Ubaid', 'ssmultan03@gmail.com', 'Multan2233', 'Malik@2224967', 'UbaidRao3', 'Male', 'U36924756', '', '', '0000-00-00', '+923006308501', 'user_user.jpg', 649, 629, 'left', 0, 0, 0, 'Pakistan', NULL, '2021-11-18 09:23:30', 'user', 1),
(655, 'Rao Ubaid', 'ssmultan02@gmail.com', 'Ubaid2', 'Pak1122#', 'UbaidRao2', 'Male', 'U36924756', '', '', '0000-00-00', '03064049709', 'user_user.jpg', 654, 629, 'left', 0, 0, 0, 'Pakistan', NULL, '2021-11-18 09:24:24', 'user', 1),
(656, 'Rivaldo', 'sthabza12@outlook.com', 'RivaldoTM', 'rivaldo@486', 'Iep6vsUm', 'Male', NULL, '', '', '0000-00-00', '+27634226486', 'user_user.jpg', 642, 642, 'left', 0, 0, 0, 'South Africa', NULL, '2021-11-18 09:35:36', 'user', 1),
(657, 'Junaid ahmed ', 'junaidahmed11888@gmail.com', 'Usman786', 'pk123456', 'yzvoKwZE', 'Male', NULL, '', '', '0000-00-00', '+92300000000', 'user_user.jpg', 652, 629, 'right', 0, 0, 0, 'Pakistan', NULL, '2021-11-18 09:43:03', 'user', 1),
(658, 'Irfan Kazim ', 'Irfankazimsb18@gmail.com', 'Kazim123', '11223344', 'MGWUb1QE', 'Male', NULL, '', '', '0000-00-00', '+923217714572', 'user_user.jpg', 657, 657, 'right', 0, 0, 0, 'Pakistan', NULL, '2021-11-18 09:50:45', 'user', 1),
(659, 'Dr Haroon Nazir ', 'drharoonnazir@gmail.com', 'Haroon0102', 'haroon@0102', 'aopgQUvA', 'Male', NULL, '', '', '0000-00-00', '+996995292021', 'user_user.jpg', 656, 642, 'left', 0, 0, 0, 'Kyrgyzstan', NULL, '2021-11-18 09:51:14', 'user', 1),
(660, 'Mazhar ali', 'mazherali227@gmail.com', 'Mazher123', '1214500', 'f14wlXHI', 'Male', NULL, '', '', '0000-00-00', '+92303049316521', 'user_user.jpg', 658, 658, 'right', 0, 0, 0, 'Pakistan', NULL, '2021-11-18 09:56:00', 'user', 1),
(661, 'Intasar ', 'intasarmain27@gmIl.com', 'Intasar786', '55667788', 'vqo2GD7V', 'Male', NULL, '', '', '0000-00-00', '+92303407758337', 'user_user.jpg', 660, 660, 'right', 0, 0, 0, 'Pakistan', NULL, '2021-11-18 10:04:44', 'user', 1),
(662, 'Irfan Kazim ', 'Irfankazimsb18@gmail.com', 'Irfan786', '66778899', 'VT61JNzv', 'Male', NULL, '', '', '0000-00-00', '+9203080864112', 'user_user.jpg', 661, 661, 'right', 0, 0, 0, 'Pakistan', NULL, '2021-11-18 10:08:35', 'user', 1),
(663, 'Afzaal', 'afzaalchishti22@gmail.com', 'Afzaal786', '77889900', 'j6bMUCxl', 'Male', NULL, '', '', '0000-00-00', '+923027208711', 'user_user.jpg', 662, 662, 'right', 0, 0, 0, 'Pakistan', NULL, '2021-11-18 10:13:07', 'user', 1),
(664, 'Muhammad kashif', 'mohammadkashif846@gmail.com', 'kashif', '223344', 'YrPx7XTb', 'Male', 'U26446681', '', '', '1984-08-21', '+923331201616', 'user_user.jpg', 653, 648, 'right', 0, 0, 0, 'Pakistan', NULL, '2021-11-18 10:25:48', 'user', 0),
(665, 'Saleem', 'saleemasgharbhatti123@gmail.com', 'Saleem2727', 'saleem@2727', 'adDQXYgt', 'Male', NULL, '', '', '0000-00-00', '+923013891909', 'user_user.jpg', 664, 648, 'right', 0, 0, 0, 'Pakistan', NULL, '2021-11-18 10:30:29', 'user', 1),
(666, 'SubhanAllah', 'Jm8882564@gmail.com', 'Subhan123', 'J07194khan', 'UmkOy3Eu', 'Male', NULL, '', '', '0000-00-00', '+996555165695', 'user_user.jpg', 659, 642, 'left', 0, 0, 0, 'Kyrgyzstan', NULL, '2021-11-18 10:31:48', 'user', 1),
(667, 'Sajjad khan', 'sajjadkhankk101@gmail.com', 'Sajjad2211', 'sajjad@1122', 'ImqbNseK', 'Male', 'U30897101', '', '', '0000-00-00', '+923013891909', 'user_user.jpg', 665, 665, 'left', 0, 0, 0, 'Pakistan', NULL, '2021-11-18 10:42:35', 'user', 1),
(668, 'Haji wakeel', 'wakeelkhan101@gmail.com', 'Wakeel9999', 'keerio@1234', '1UbZVctR', 'Male', NULL, '', '', '0000-00-00', '+92 300 3237206', 'user_user.jpg', 667, 665, 'left', 0, 0, 0, 'Pakistan', NULL, '2021-11-18 10:47:15', 'user', 1),
(669, 'adnan gull', 'faizangulmojai@gmail.com', 'gull110', '786110', 'MFT4hBRX', 'Male', 'U17205499', '', '', '1997-02-02', '+923048000520', 'user_user.jpg', 665, 665, 'right', 0, 0, 0, 'Pakistan', NULL, '2021-11-18 10:54:43', 'user', 1),
(670, 'Muhammad Hasnain Makhdoom', 'hasnain.makhdoom7788@gmail.com', 'PAK2674', 'Jazib@7788/yumnambtcdig', 'WB9OvZS0', 'Male', 'U23985265', '', '', '0000-00-00', '+923217425981', 'IMG_20200709_225636-min1.jpg', 669, 648, 'right', 0, 0, 0, 'Pakistan', '1639044167', '2021-11-18 11:04:44', 'user', 1),
(671, 'Muhammad kashif', 'fxservises846@gmail.com', '3Bpower', 'Pakistan', 'DLOKcPNe', 'Male', NULL, '', '', '0000-00-00', '+923331202626', 'user_user.jpg', 670, 664, 'right', 0, 0, 0, 'Pakistan', NULL, '2021-11-18 12:22:40', 'user', 1),
(672, 'Muhammad kashif', 'fxservises846@gmail.com', '3bpawer', 'Pakistan', 'asd0lQvB', 'Female', NULL, '', '', '0000-00-00', '+923428224311', 'user_user.jpg', 664, 664, 'left', 0, 0, 0, 'Pakistan', NULL, '2021-11-18 12:24:07', 'user', 1),
(673, 'Ishfaque Ali', 'aliishfaque@yahoo.com', 'Ishan', '786*786-@', 'ow1z4ZAP', 'Male', 'ow1z4ZAP', '', '', '1973-09-10', '+923013507408', 'Ishfaque.jpg', 659, 659, 'right', 0, 0, 0, 'Pakistan', NULL, '2021-11-18 12:53:50', 'user', 1),
(674, 'Muhammad Umair', 'themuhammadumair786@gmail.com', 'Umair786', '51214786', 'NOCXB6nH', 'Male', NULL, '', '', '0000-00-00', '+923129346860', 'user_user.jpg', 648, 645, 'left', 0, 0, 0, 'Pakistan', NULL, '2021-11-18 13:07:54', 'user', 1),
(675, 'Muhammadimran', 'themuhammadumair786@gmail.com', 'Umair7862', '51214786', 'yjWNO1xL', 'Male', NULL, '', '', '0000-00-00', '+923006254796', 'user_user.jpg', 674, 674, 'left', 0, 0, 0, 'Pakistan', NULL, '2021-11-18 13:23:31', 'user', 1),
(676, 'Muhammadimran', 'themuhammadumair786@gmail.com', 'Umair7863', '51214786', 'ENcOPvfg', 'Male', NULL, '', '', '0000-00-00', '+92 345 7315837', 'user_user.jpg', 675, 674, 'left', 0, 0, 0, 'Pakistan', NULL, '2021-11-18 13:26:40', 'user', 1),
(677, 'Muhammadimran', 'themuhammadumair786@gmail.com', 'Umair7864', '51214786', 'rP1Ifsib', 'Male', NULL, '', '', '0000-00-00', '+923457315837', 'user_user.jpg', 676, 674, 'left', 0, 0, 0, 'Pakistan', NULL, '2021-11-18 13:29:42', 'user', 1),
(678, 'Mehar Muhammad', 'meharmuhammad1980@gmail.com', 'Mehar786', '51214786', 'uIygHCfx', 'Male', NULL, '', '', '0000-00-00', '+923457315837', 'user_user.jpg', 674, 674, 'right', 0, 0, 0, 'Pakistan', NULL, '2021-11-18 13:31:32', 'user', 1),
(679, 'Mehar Muhammad', 'meharmuhammad1980@gmail.com', 'Mehar7861', '51214786', 'v1Rzxlst', 'Male', NULL, '', '', '0000-00-00', '+923457315837', 'user_user.jpg', 678, 674, 'right', 0, 0, 0, 'Pakistan', NULL, '2021-11-18 13:32:21', 'user', 1),
(680, 'Mehar Muhammad', 'meharmuhammad1980@gmail.com', 'Mehar7862', '51214786', 'up4RJTHi', 'Male', NULL, '', '', '0000-00-00', '+923457315837', 'user_user.jpg', 679, 674, 'right', 0, 0, 0, 'Pakistan', NULL, '2021-11-18 13:33:18', 'user', 1),
(681, 'Syed Azher Shah', 'ns8978590@gmail.com', 'Dubai123', '66778899', 'Dubai123', 'Male', 'U30172935', '', '', '0000-00-00', '+923457315837', 'user_user.jpg', 680, 674, 'right', 0, 0, 0, 'Pakistan', NULL, '2021-11-18 13:35:53', 'user', 1),
(682, 'Ghulam Abbas', 'themalikabbas@gmail.com', 'Malik7864', 'Malik7864@', '4z0CKixm', 'Male', NULL, '', '', '0000-00-00', '+923446444052', 'user_user.jpg', 643, 643, 'left', 0, 0, 0, 'Pakistan', NULL, '2021-11-18 23:00:54', 'user', 1),
(683, 'Uzma rafique ', 'uzmarafique88@gmail.com', 'Uzma88', '11223344', 'qLyrfaj9', 'Female', NULL, '', '', '0000-00-00', '+92 341 6065836', 'user_user.jpg', 623, 623, 'right', 0, 0, 0, 'Pakistan', NULL, '2021-11-19 04:34:32', 'user', 1),
(684, 'Saqib sodani', 'saqibsodani@gmail.com', 'Saqib786', '11223344', 'IhKbqiS6', 'Male', NULL, '', '', '0000-00-00', '+9230685675855', 'user_user.jpg', 683, 683, 'left', 0, 0, 0, 'Pakistan', NULL, '2021-11-19 04:36:57', 'user', 1),
(685, 'Rao ubaid', 'raoubaidullah01@gmail.com', 'Pak01', 'Pak1122#', 'rgc0xBKp', 'Male', NULL, '', '', '0000-00-00', '+923184049709', 'user_user.jpg', 655, 654, 'left', 0, 0, 0, 'Pakistan', NULL, '2021-11-20 13:50:25', 'user', 1),
(686, 'Rao ubaid', 'raoubaidullah02@gmail.com', 'Pak02', 'Pak1122#', 'zhKSp92d', 'Male', NULL, '', '', '0000-00-00', '+923184049709', 'user_user.jpg', 685, 685, 'left', 0, 0, 0, 'Pakistan', NULL, '2021-11-20 14:04:51', 'user', 1),
(687, 'Rao ubaid', 'raoubaidullah03@gmail.com', 'Pak03', 'Pak1122#', '2ideBo7N', 'Male', NULL, '', '', '0000-00-00', '+923184049709', 'user_user.jpg', 686, 686, 'left', 0, 0, 0, 'Pakistan', NULL, '2021-11-20 14:06:52', 'user', 1),
(688, 'Rao ubaid', 'raoubaidullah04@gmail.com', 'Pak04', 'Pak1122#', 'mLz3WoPI', 'Male', NULL, '', '', '0000-00-00', '+923184049709', 'user_user.jpg', 687, 687, 'left', 0, 0, 0, 'Pakistan', NULL, '2021-11-20 14:08:56', 'user', 1),
(689, 'Malik aslam ', 'ijaz03045001693@gmail.com', 'Pakistan1234', 'malik2224967', 'PFp0cCoh', 'Male', NULL, '', '', '0000-00-00', '+92 301 7424967', 'user_user.jpg', 646, 646, 'left', 0, 0, 0, 'Pakistan', NULL, '2021-11-21 00:50:15', 'user', 1),
(690, 'Malik aslam ', 'ijaz03045001693@gmail.com', 'Pakistan12345', 'malik2224967', 'huFMN0Tk', 'Male', NULL, '', '', '0000-00-00', '+923017424967', 'user_user.jpg', 689, 689, 'left', 0, 0, 0, 'Pakistan', NULL, '2021-11-21 00:52:55', 'user', 1),
(691, 'Malik aslam ', 'ijaz03045001693@gmail.com', 'Pakistan123456', 'malik2224967', 'V5RsLHtQ', 'Male', NULL, '', '', '0000-00-00', '+923017424967', 'user_user.jpg', 690, 690, 'left', 0, 0, 0, 'Pakistan', NULL, '2021-11-21 00:55:48', 'user', 1),
(692, 'Malik aslam ', 'ijaz03045001693@gmail.com', 'Pakistan1234567', 'malik2224967', 'XuO6gibM', 'Male', NULL, '', '', '0000-00-00', '+923017424967', 'user_user.jpg', 691, 691, 'left', 0, 0, 0, 'Pakistan', NULL, '2021-11-21 00:57:35', 'user', 1),
(693, 'Malik aslam ', 'ijaz03045001693@gmail.com', 'Multan11225', 'malik2224967', 'aAuNlQr8', 'Male', NULL, '', '', '0000-00-00', '+92 301 7424967', 'user_user.jpg', 663, 646, 'right', 0, 0, 0, 'Pakistan', NULL, '2021-11-21 01:35:56', 'user', 1),
(694, 'dilli jan', 'gahothidilijan35@gmail.com', 'dilli110', '786110', 'psmwD92L', 'Male', 'U30897101', '', '', '0000-00-00', '+923009250165', 'user_user.jpg', 671, 648, 'right', 0, 0, 0, 'Pakistan', NULL, '2021-11-22 09:01:01', 'user', 1),
(695, 'aslam magsi', 'zulfqarjokhio1397@gmail.com', 'aslam110', '786110', 'UzRZHn91', 'Male', NULL, '', '', '0000-00-00', '+923052633285', 'user_user.jpg', 694, 648, 'right', 0, 0, 0, 'Pakistan', NULL, '2021-11-22 09:02:58', 'user', 1),
(696, 'muhammad Arshad', 'arshadkhokhar2525@gmail.com', 'Arshad2361', '665544321', 'GeMlJw5d', 'Male', NULL, '', '', '0000-00-00', '+923012361927', 'user_user.jpg', 695, 694, 'right', 0, 0, 0, 'Pakistan', NULL, '2021-11-22 10:19:25', 'user', 1),
(697, 'Muskan', 'jaannawaz110786@gmail.com', 'Muskaan110', 'Hn110786', 'oKnZqEHS', 'Female', NULL, '', '', '0000-00-00', '+923003200133', 'user_user.jpg', 653, 653, 'left', 0, 0, 0, 'Pakistan', NULL, '2021-11-23 08:08:01', 'user', 1),
(698, 'Muhammad Ramzan ', 'ramzankaka392@gmail.com', 'Ramzan123', 'kaka@786', '61kLdqsj', 'Male', 'U30897101', '', '', '0000-00-00', '+9203233995919', 'user_user.jpg', 694, 694, 'left', 0, 0, 0, 'Pakistan', NULL, '2021-11-26 01:37:25', 'user', 1),
(699, 'Mehar', 'kjlc.004@gmail.com', 'kjlc004', 'T@bi786429171', 'KJVOY7xy', 'Male', NULL, '', '', '0000-00-00', '+923068626608', 'user_user.jpg', 645, 645, 'right', 0, 0, 0, 'Pakistan', NULL, '2021-11-26 10:14:58', 'user', 1),
(700, 'Asif Altaf', 'asifaltafaltaf095@gmail.com', 'asif126', 'asif126', 'AFd9MWph', 'Male', NULL, '', '', '0000-00-00', '+923436100920', 'user_user.jpg', 660, 660, 'left', 0, 0, 0, 'Pakistan', NULL, '2021-11-28 03:57:29', 'user', 1),
(701, 'Romain Ndayikeza', 'ndayikezaromain29@gmail.com', 'Ndayike20', 'opn17188547', '0eqswKFC', 'Male', NULL, '', '', '0000-00-00', '+25769448934', 'user_user.jpg', 683, 623, 'right', 0, 0, 0, 'Burundi', NULL, '2021-11-28 12:27:55', 'user', 1),
(702, 'gulhassan', 'Gulhassankhan111@gmail.com', 'gulhassan', 'Pakistan@@@', 'sAEa0iWv', 'Male', 'U17133732', '', '', '0000-00-00', '+923023228292', 'user_user.jpg', 698, 698, 'right', 0, 0, 0, 'Pakistan', NULL, '2021-12-03 02:04:24', 'user', 1),
(703, 'Irfan Pakpaton', 'megabusinessoftrading@gmail.com', 'Mega12345', '123456789', 'EtelkgP5', 'Male', NULL, '', '', '0000-00-00', '+7995507529532', 'user_user.jpg', 625, 539, 'right', 0, 0, 0, 'Kazakhstan', NULL, '2021-12-03 05:10:12', 'user', 1),
(704, 'Irfan Bhutto', 'megabusinessoftrading@gmail.com', 'Mega123456', '123456789', 'QUe0osXN', 'Male', NULL, '', '', '0000-00-00', '+995507529532', 'user_user.jpg', 703, 539, 'right', 0, 0, 0, 'Kazakhstan', NULL, '2021-12-03 05:13:14', 'user', 1),
(705, 'Albrak ', 'megabusinessoftrading@gmail.com', 'Albrakjoshe', '123456789', 'kQTWJMfY', 'Male', NULL, '', '', '0000-00-00', '+9965507529532', 'user_user.jpg', 704, 539, 'right', 0, 0, 0, 'Kazakhstan', NULL, '2021-12-03 05:15:14', 'user', 1),
(706, 'Albrakjoshe', 'megabusinessoftrading@gmail.com', 'Mega123457', '123456789', 'Iux41iBZ', 'Male', NULL, '', '', '0000-00-00', '+9965507529532', 'user_user.jpg', 705, 539, 'right', 0, 0, 0, 'Kazakhstan', NULL, '2021-12-03 05:18:33', 'user', 1),
(707, 'Ubaid Ullah', 'Ubaidullah9996335@gmail.com', 'Luckyname', 'ubaid9082521', '0HNQjArK', 'Male', NULL, '', '', '0000-00-00', '+923029469711', 'user_user.jpg', 698, 694, 'left', 0, 0, 0, 'Pakistan', NULL, '2021-12-05 15:02:25', 'user', 1),
(708, 'ishfaq ahmad', 'aliishfaque920@yahoo.com', 'Derbello', '786110', 'eyRnsw8I', 'Male', NULL, '', '', '0000-00-00', '+92 301 3507408', 'user_user.jpg', 696, 648, 'right', 0, 0, 0, 'Pakistan', '1638886589', '2021-12-07 08:48:16', 'user', 1),
(709, 'Jan muhammad', 'janmuhammadgahothi@gmail.com', 'Gahothi', 'jan12345', 'UWFQOfem', 'Male', NULL, '', '', '0000-00-00', '+923098576899', 'user_user.jpg', 707, 707, 'right', 0, 0, 0, 'Pakistan', NULL, '2021-12-07 09:24:24', 'user', 1),
(710, 'Wajid Masih', 'wajidmasih4424@gmail.com', 'wajid', 'Wajidmasih1$', 'mAHPekXr', 'Male', NULL, '', '', '0000-00-00', '+92 308 8554903', 'user_user.jpg', 707, 694, 'left', 0, 0, 0, 'Pakistan', NULL, '2021-12-07 12:30:31', 'user', 1),
(711, 'Malik Aslam', 'ijaz03045001693@gmail.com', 'Leader786', 'Malik2224967', 'UMwmvybO', 'Male', NULL, '', '', '0000-00-00', '+923017424967', 'user_user.jpg', 688, 629, 'left', 0, 0, 0, 'Pakistan', NULL, '2021-12-08 03:05:15', 'user', 1),
(712, 'Muhammad Aslam', 'aslamjiskani82@gmail.com', 'Aslam123', '11223344', 'Ur6ynPlN', 'Male', NULL, '', '', '0000-00-00', '+923033729747', 'user_user.jpg', 701, 623, 'right', 0, 0, 0, 'Pakistan', NULL, '2021-12-10 10:28:39', 'user', 1),
(713, 'Qamar Abbas', 'qamarabbaskanju@gmail.com', 'Qamar2244', '11223344', 'ULxfndDR', 'Male', NULL, '', '', '0000-00-00', '+9203337278782', 'user_user.jpg', 712, 712, 'left', 0, 0, 0, 'Pakistan', NULL, '2021-12-10 10:32:17', 'user', 1);

-- --------------------------------------------------------

--
-- Table structure for table `user_balance`
--

CREATE TABLE `user_balance` (
  `ub_id` int(233) NOT NULL,
  `user_id` int(233) NOT NULL,
  `user_balance` varchar(50) NOT NULL DEFAULT '0'
) ENGINE=InnoDB DEFAULT CHARSET=utf8;

--
-- Dumping data for table `user_balance`
--

INSERT INTO `user_balance` (`ub_id`, `user_id`, `user_balance`) VALUES
(1, 15, '2025'),
(2, 538, '0'),
(3, 539, '21657.52'),
(4, 540, '38.4'),
(5, 541, '0'),
(6, 542, '0'),
(7, 543, '0'),
(8, 544, '0'),
(9, 545, '0'),
(10, 546, '0'),
(11, 547, '0'),
(12, 548, '0'),
(13, 549, '0'),
(14, 550, '0'),
(15, 551, '0'),
(16, 552, '0'),
(17, 553, '0'),
(18, 554, '0'),
(19, 555, '0'),
(20, 556, '0'),
(21, 557, '0'),
(22, 558, '0'),
(23, 559, '0.45'),
(24, 560, '21.1'),
(25, 561, '0'),
(26, 562, '0'),
(27, 563, '160.5'),
(28, 564, '7'),
(29, 565, '13'),
(30, 566, '0'),
(31, 567, '0'),
(32, 568, '0'),
(33, 569, '8.5'),
(34, 570, '0'),
(35, 571, '8.25'),
(36, 572, '0'),
(37, 573, '118'),
(38, 574, '18.8'),
(39, 575, '35'),
(40, 576, '2'),
(41, 577, '1.75'),
(42, 578, '0'),
(43, 579, '4.5'),
(44, 580, '1'),
(45, 581, '0'),
(46, 582, '0'),
(47, 583, '0'),
(48, 584, '0'),
(49, 585, '0'),
(50, 586, '0'),
(51, 587, '0'),
(52, 588, '0'),
(53, 589, '0'),
(54, 590, '0'),
(55, 591, '0'),
(56, 592, '0'),
(57, 593, '0'),
(58, 594, '0'),
(59, 595, '0'),
(60, 596, '0'),
(61, 597, '0'),
(62, 598, '0'),
(63, 599, '0'),
(64, 600, '0'),
(65, 601, '6.4'),
(66, 602, '0'),
(67, 603, '0'),
(68, 604, '0'),
(69, 605, '0'),
(70, 606, '0'),
(71, 607, '0'),
(72, 608, '0'),
(73, 609, '0'),
(74, 610, '0'),
(75, 611, '0'),
(76, 612, '51'),
(77, 613, '105.75'),
(78, 614, '2.7'),
(79, 615, '0'),
(80, 616, '0'),
(81, 617, '2.55'),
(82, 618, '8'),
(83, 619, '2.9'),
(84, 620, '2.4'),
(85, 621, '0'),
(86, 622, '0'),
(87, 623, '63.55'),
(88, 624, '0'),
(89, 625, '0'),
(90, 626, '0'),
(91, 627, '8'),
(92, 628, '1.6'),
(93, 629, '3'),
(94, 630, '16'),
(95, 631, '0'),
(96, 632, '0'),
(97, 633, '0'),
(98, 634, '0'),
(99, 635, '8'),
(100, 636, '0'),
(101, 637, '0'),
(102, 638, '0'),
(103, 639, '0'),
(104, 640, '0'),
(105, 641, '0'),
(106, 642, '0'),
(107, 643, '0'),
(108, 644, '0'),
(109, 645, '0'),
(110, 646, '10.4'),
(111, 647, '0'),
(112, 648, '176'),
(113, 649, '0'),
(114, 650, '0'),
(115, 651, '2.4'),
(116, 652, '0'),
(117, 653, '8'),
(118, 654, '0'),
(119, 655, '0'),
(120, 656, '0'),
(121, 657, '6.4'),
(122, 658, '4.8'),
(123, 659, '0'),
(124, 660, '10.4'),
(125, 661, '10.4'),
(126, 662, '4.8'),
(127, 663, '2.4'),
(128, 664, '112'),
(129, 665, '85'),
(130, 666, '0'),
(131, 667, '42'),
(132, 668, '8'),
(133, 669, '25.2'),
(134, 670, '8'),
(135, 671, '0'),
(136, 672, '0'),
(137, 673, '0'),
(138, 674, '324'),
(139, 675, '0'),
(140, 676, '0'),
(141, 677, '0'),
(142, 678, '0'),
(143, 679, '0'),
(144, 680, '0'),
(145, 681, '537'),
(146, 682, '0'),
(147, 683, '16'),
(148, 684, '8'),
(149, 685, '0'),
(150, 686, '0'),
(151, 687, '0'),
(152, 688, '0'),
(153, 689, '0'),
(154, 690, '0'),
(155, 691, '0'),
(156, 692, '0'),
(157, 693, '2.4'),
(158, 694, '9'),
(159, 695, '8'),
(160, 696, '0'),
(161, 697, '0'),
(162, 698, '6'),
(163, 699, '0'),
(164, 700, '0'),
(165, 701, '5.5'),
(166, 702, '7'),
(167, 703, '0'),
(168, 704, '0'),
(169, 705, '0'),
(170, 706, '3251.435'),
(171, 707, '0'),
(172, 708, '0'),
(173, 709, '0'),
(174, 710, '0'),
(175, 711, '14'),
(176, 712, '17.5'),
(177, 713, '1');

-- --------------------------------------------------------

--
-- Table structure for table `user_packages`
--

CREATE TABLE `user_packages` (
  `up_id` int(11) NOT NULL,
  `up_package_id` int(11) NOT NULL,
  `up_user_id` int(11) NOT NULL,
  `up_package_amount` int(11) NOT NULL,
  `up_three_x` varchar(25) NOT NULL DEFAULT '0',
  `up_status` tinyint(4) NOT NULL DEFAULT 1,
  `up_created_at` datetime NOT NULL DEFAULT current_timestamp(),
  `up_activated_at` date NOT NULL,
  `up_upgraded_at` date NOT NULL
) ENGINE=InnoDB DEFAULT CHARSET=latin1;

--
-- Dumping data for table `user_packages`
--

INSERT INTO `user_packages` (`up_id`, `up_package_id`, `up_user_id`, `up_package_amount`, `up_three_x`, `up_status`, `up_created_at`, `up_activated_at`, `up_upgraded_at`) VALUES
(1, 4, 539, 10000, '1510.4', 1, '2021-11-18 01:43:30', '2021-11-17', '0000-00-00'),
(2, 1, 627, 100, '8.5', 1, '2021-11-18 02:55:05', '2021-11-17', '0000-00-00'),
(3, 1, 628, 100, '50.9', 1, '2021-11-18 03:09:13', '2021-11-18', '0000-00-00'),
(4, 1, 629, 100, '13', 1, '2021-11-18 03:13:08', '2021-11-18', '2021-11-18'),
(5, 1, 623, 30, '2.7', 1, '2021-11-18 03:21:28', '2021-11-18', '0000-00-00'),
(6, 1, 630, 100, '16.5', 1, '2021-11-18 03:59:09', '2021-11-18', '0000-00-00'),
(7, 1, 635, 100, '8.5', 1, '2021-11-18 04:03:57', '2021-11-18', '0000-00-00'),
(8, 1, 657, 50, '6.65', 1, '2021-11-18 09:44:02', '2021-11-18', '0000-00-00'),
(9, 1, 658, 30, '4.95', 1, '2021-11-18 09:52:43', '2021-11-18', '0000-00-00'),
(10, 1, 660, 30, '10.55', 1, '2021-11-18 09:56:58', '2021-11-18', '0000-00-00'),
(11, 1, 661, 100, '10.9', 1, '2021-11-18 10:06:48', '2021-11-18', '0000-00-00'),
(12, 1, 662, 30, '4.95', 1, '2021-11-18 10:27:28', '2021-11-18', '0000-00-00'),
(13, 1, 663, 30, '2.55', 1, '2021-11-18 10:28:50', '2021-11-18', '0000-00-00'),
(14, 1, 648, 100, '24.5', 1, '2021-11-18 12:20:48', '2021-11-18', '0000-00-00'),
(15, 1, 670, 100, '8.5', 1, '2021-11-18 12:23:40', '2021-11-18', '0000-00-00'),
(16, 1, 668, 100, '8.5', 1, '2021-11-18 12:25:37', '2021-11-18', '0000-00-00'),
(17, 2, 669, 700, '71.4', 1, '2021-11-18 12:27:56', '2021-11-18', '0000-00-00'),
(18, 3, 667, 1000, '119', 1, '2021-11-18 12:29:17', '2021-11-18', '0000-00-00'),
(19, 1, 665, 100, '64.5', 1, '2021-11-18 12:45:53', '2021-11-18', '0000-00-00'),
(21, 4, 681, 7100, '905.25', 1, '2021-11-18 13:38:53', '2021-11-18', '0000-00-00'),
(22, 1, 674, 300, '25.5', 1, '2021-11-18 13:49:42', '2021-11-18', '0000-00-00'),
(23, 3, 664, 1000, '119', 1, '2021-11-19 05:28:03', '2021-11-19', '0000-00-00'),
(24, 1, 653, 100, '8.5', 1, '2021-11-19 08:55:58', '2021-11-19', '0000-00-00'),
(25, 1, 683, 100, '8.5', 1, '2021-11-20 14:46:15', '2021-11-20', '0000-00-00'),
(26, 1, 684, 100, '8.5', 1, '2021-11-20 14:46:50', '2021-11-20', '0000-00-00'),
(27, 1, 646, 100, '8', 1, '2021-11-21 06:31:16', '2021-11-21', '0000-00-00'),
(28, 1, 693, 30, '2.4', 1, '2021-11-21 06:36:57', '2021-11-21', '0000-00-00'),
(29, 1, 651, 30, '2.4', 1, '2021-11-21 10:34:36', '2021-11-21', '0000-00-00'),
(30, 1, 694, 100, '8', 1, '2021-11-22 14:26:08', '2021-11-22', '0000-00-00'),
(31, 1, 695, 100, '8', 1, '2021-11-22 14:29:28', '2021-11-22', '0000-00-00'),
(32, 1, 701, 100, '5.5', 1, '2021-11-28 17:48:35', '2021-11-28', '0000-00-00'),
(33, 1, 698, 200, '6', 1, '2021-12-03 07:39:55', '2021-12-03', '0000-00-00'),
(34, 3, 702, 1000, '42', 1, '2021-12-03 07:46:40', '2021-12-03', '0000-00-00'),
(35, 7, 706, 50099, '3251.435', 1, '2021-12-03 10:27:29', '2021-12-03', '2021-12-10'),
(36, 3, 711, 1000, '14', 1, '2021-12-09 06:40:58', '2021-12-09', '0000-00-00'),
(37, 1, 712, 300, '1.5', 1, '2021-12-10 15:30:03', '2021-12-10', '0000-00-00'),
(38, 1, 713, 200, '1', 1, '2021-12-10 15:34:05', '2021-12-10', '0000-00-00');

-- --------------------------------------------------------

--
-- Table structure for table `user_packages_upgrade`
--

CREATE TABLE `user_packages_upgrade` (
  `upu_id` int(11) NOT NULL,
  `upu_user_id` int(11) NOT NULL,
  `upu_package_id` int(11) NOT NULL,
  `upu_package_amount` int(11) NOT NULL,
  `upu_previous_amount` int(11) NOT NULL,
  `upu_status` tinyint(1) NOT NULL DEFAULT 1,
  `upu_created_at` datetime NOT NULL DEFAULT current_timestamp(),
  `upu_upgraded_at` date NOT NULL
) ENGINE=InnoDB DEFAULT CHARSET=latin1;

--
-- Dumping data for table `user_packages_upgrade`
--

INSERT INTO `user_packages_upgrade` (`upu_id`, `upu_user_id`, `upu_package_id`, `upu_package_amount`, `upu_previous_amount`, `upu_status`, `upu_created_at`, `upu_upgraded_at`) VALUES
(8, 629, 1, 70, 30, 1, '2021-11-18 12:43:35', '2021-11-18'),
(9, 706, 6, 49999, 30000, 1, '2021-12-04 01:39:17', '2021-12-04'),
(10, 706, 7, 50099, 49999, 1, '2021-12-10 11:46:30', '2021-12-10');

-- --------------------------------------------------------

--
-- Table structure for table `user_rewards`
--

CREATE TABLE `user_rewards` (
  `ur_id` int(11) NOT NULL,
  `ur_user_id` int(11) NOT NULL,
  `ur_reward_id` int(11) NOT NULL,
  `ur_status` tinyint(1) NOT NULL DEFAULT 1,
  `ur_date` datetime NOT NULL DEFAULT current_timestamp()
) ENGINE=InnoDB DEFAULT CHARSET=latin1;

--
-- Dumping data for table `user_rewards`
--

INSERT INTO `user_rewards` (`ur_id`, `ur_user_id`, `ur_reward_id`, `ur_status`, `ur_date`) VALUES
(1, 539, 6, 1, '2021-12-04 02:06:36');

-- --------------------------------------------------------

--
-- Table structure for table `wallets`
--

CREATE TABLE `wallets` (
  `wallet_id` int(11) NOT NULL,
  `wallet_user_id` int(11) NOT NULL,
  `wallet_balance` varchar(40) NOT NULL DEFAULT '0'
) ENGINE=InnoDB DEFAULT CHARSET=latin1;

--
-- Dumping data for table `wallets`
--

INSERT INTO `wallets` (`wallet_id`, `wallet_user_id`, `wallet_balance`) VALUES
(1, 15, '100'),
(2, 538, '0'),
(3, 539, '0'),
(4, 540, '0'),
(5, 541, '100'),
(6, 542, '0'),
(7, 543, '0'),
(8, 544, '0'),
(9, 545, '0'),
(10, 546, '0'),
(11, 547, '0'),
(12, 548, '0'),
(13, 549, '0'),
(14, 550, '0'),
(15, 551, '0'),
(16, 552, '0'),
(17, 553, '0'),
(18, 554, '0'),
(19, 555, '0'),
(20, 556, '0'),
(21, 557, '0'),
(22, 558, '0'),
(23, 559, '0'),
(24, 560, '0'),
(25, 561, '0'),
(26, 562, '100'),
(27, 563, '0'),
(28, 564, '0'),
(29, 565, '0'),
(30, 566, '0'),
(31, 567, '0'),
(32, 568, '0'),
(33, 569, '0'),
(34, 570, '0'),
(35, 571, '0'),
(36, 572, '0'),
(37, 573, '0'),
(38, 574, '0'),
(39, 575, '0'),
(40, 576, '0'),
(41, 577, '0'),
(42, 578, '0'),
(43, 579, '0'),
(44, 580, '0'),
(45, 581, '0'),
(46, 582, '0'),
(47, 583, '0'),
(48, 584, '0'),
(49, 585, '0'),
(50, 586, '0'),
(51, 587, '0'),
(52, 588, '0'),
(53, 589, '0'),
(54, 590, '0'),
(55, 591, '0'),
(56, 592, '0'),
(57, 593, '0'),
(58, 594, '0'),
(59, 595, '0'),
(60, 596, '0'),
(61, 597, '0'),
(62, 598, '0'),
(63, 599, '0'),
(64, 600, '30'),
(65, 601, '0'),
(66, 602, '0'),
(67, 603, '0'),
(68, 604, '0'),
(69, 605, '0'),
(70, 606, '0'),
(71, 607, '0'),
(72, 608, '0'),
(73, 609, '0'),
(74, 610, '0'),
(75, 611, '0'),
(76, 612, '0'),
(77, 613, '0'),
(78, 614, '0'),
(79, 615, '0'),
(80, 616, '0'),
(81, 617, '0'),
(82, 618, '0'),
(83, 619, '0'),
(84, 620, '0'),
(85, 621, '0'),
(86, 622, '0'),
(87, 623, '0'),
(88, 624, '0'),
(89, 625, '0'),
(90, 626, '0'),
(91, 627, '0'),
(92, 628, '0'),
(93, 629, '0'),
(94, 630, '0'),
(95, 631, '0'),
(96, 632, '0'),
(97, 633, '0'),
(98, 634, '0'),
(99, 635, '0'),
(100, 636, '0'),
(101, 637, '0'),
(102, 638, '0'),
(103, 639, '0'),
(104, 640, '0'),
(105, 641, '0'),
(106, 642, '0'),
(107, 643, '0'),
(108, 644, '0'),
(109, 645, '0'),
(110, 646, '0'),
(111, 647, '0'),
(112, 648, '0'),
(113, 649, '0'),
(114, 650, '0'),
(115, 651, '0'),
(116, 652, '0'),
(117, 653, '0'),
(118, 654, '0'),
(119, 655, '0'),
(120, 656, '0'),
(121, 657, '0'),
(122, 658, '30'),
(123, 659, '0'),
(124, 660, '30'),
(125, 661, '0'),
(126, 662, '0'),
(127, 663, '0'),
(128, 664, '0'),
(129, 665, '0'),
(130, 666, '0'),
(131, 667, '0'),
(132, 668, '0'),
(133, 669, '0'),
(134, 670, '0'),
(135, 671, '0'),
(136, 672, '0'),
(137, 673, '0'),
(138, 674, '0'),
(139, 675, '0'),
(140, 676, '0'),
(141, 677, '0'),
(142, 678, '0'),
(143, 679, '0'),
(144, 680, '0'),
(145, 681, '0'),
(146, 682, '0'),
(147, 683, '0'),
(148, 684, '0'),
(149, 685, '0'),
(150, 686, '0'),
(151, 687, '0'),
(152, 688, '0'),
(153, 689, '0'),
(154, 690, '0'),
(155, 691, '0'),
(156, 692, '0'),
(157, 693, '0'),
(158, 694, '0'),
(159, 695, '0'),
(160, 696, '0'),
(161, 697, '0'),
(162, 698, '0'),
(163, 699, '0'),
(164, 700, '0'),
(165, 701, '0'),
(166, 702, '0'),
(167, 703, '0'),
(168, 704, '0'),
(169, 705, '50000'),
(170, 706, '0'),
(171, 707, '0'),
(172, 708, '0'),
(173, 709, '0'),
(174, 710, '0'),
(175, 711, '0'),
(176, 712, '0'),
(177, 713, '0');

-- --------------------------------------------------------

--
-- Table structure for table `withdraws`
--

CREATE TABLE `withdraws` (
  `withdraw_id` int(233) NOT NULL,
  `user_id` int(33) DEFAULT NULL,
  `withdraw_amount` varchar(233) DEFAULT NULL,
  `withdraw_fees` varchar(50) NOT NULL,
  `withdraw_status` tinyint(1) DEFAULT 0,
  `requested_on` datetime NOT NULL,
  `withdraw_date` date NOT NULL,
  `approved_on` datetime DEFAULT NULL
) ENGINE=InnoDB DEFAULT CHARSET=utf8;

--
-- Dumping data for table `withdraws`
--

INSERT INTO `withdraws` (`withdraw_id`, `user_id`, `withdraw_amount`, `withdraw_fees`, `withdraw_status`, `requested_on`, `withdraw_date`, `approved_on`) VALUES
(1, 648, '50', '5', 1, '2021-11-20 08:04:38', '0000-00-00', NULL),
(2, 669, '21', '1.05', 1, '2021-11-26 01:03:39', '0000-00-00', NULL),
(3, 648, '30', '1.5', 1, '2021-11-27 01:56:12', '0000-00-00', NULL),
(4, 648, '70', '3.5', 1, '2021-12-03 00:29:18', '0000-00-00', NULL),
(5, 698, '80', '4', 1, '2021-12-03 00:36:29', '0000-00-00', NULL),
(6, 669, '21', '1.05', 1, '2021-12-04 00:11:50', '0000-00-00', NULL),
(7, 667, '70', '3.5', 1, '2021-12-04 03:23:05', '0000-00-00', NULL),
(8, 681, '315', '15.75', 1, '2021-12-04 03:48:46', '0000-00-00', NULL),
(9, 694, '22', '1.1', 1, '2021-12-06 21:54:31', '0000-00-00', NULL),
(10, 629, '130', '6.5', 1, '2021-12-09 00:46:46', '0000-00-00', NULL),
(11, 628, '130', '6.5', 1, '2021-12-09 00:52:14', '0000-00-00', NULL),
(12, 702, '35', '1.75', 1, '2021-12-10 22:01:44', '0000-00-00', NULL);

-- --------------------------------------------------------

--
-- Table structure for table `withdraw_controls`
--

CREATE TABLE `withdraw_controls` (
  `control_id` int(11) NOT NULL,
  `max_withdraw` int(33) NOT NULL,
  `min_withdraw` int(33) NOT NULL,
  `withdraw_open` date NOT NULL,
  `withdraw_close` date NOT NULL
) ENGINE=InnoDB DEFAULT CHARSET=utf8;

-- --------------------------------------------------------

--
-- Table structure for table `withdraw_limits`
--

CREATE TABLE `withdraw_limits` (
  `wl_id` int(11) NOT NULL,
  `min_withdraw` int(11) NOT NULL,
  `max_withdraw` int(11) NOT NULL
) ENGINE=InnoDB DEFAULT CHARSET=latin1;

--
-- Dumping data for table `withdraw_limits`
--

INSERT INTO `withdraw_limits` (`wl_id`, `min_withdraw`, `max_withdraw`) VALUES
(1, 20, 2000);

--
-- Indexes for dumped tables
--

--
-- Indexes for table `bitcoins_log`
--
ALTER TABLE `bitcoins_log`
  ADD PRIMARY KEY (`bl_id`);

--
-- Indexes for table `countries`
--
ALTER TABLE `countries`
  ADD PRIMARY KEY (`id`);

--
-- Indexes for table `daily_earnings`
--
ALTER TABLE `daily_earnings`
  ADD PRIMARY KEY (`de_id`),
  ADD KEY `de_earning` (`de_earning`),
  ADD KEY `de_user_id` (`de_user_id`),
  ADD KEY `de_source` (`de_source`);

--
-- Indexes for table `deposit_histories`
--
ALTER TABLE `deposit_histories`
  ADD PRIMARY KEY (`dh_id`),
  ADD KEY `dh_user_id` (`dh_user_id`),
  ADD KEY `dh_invoice_id` (`dh_invoice_id`);

--
-- Indexes for table `expired_packages`
--
ALTER TABLE `expired_packages`
  ADD PRIMARY KEY (`ep_id`);

--
-- Indexes for table `mining`
--
ALTER TABLE `mining`
  ADD PRIMARY KEY (`mining_id`),
  ADD KEY `mining_user_id` (`mining_user_id`);

--
-- Indexes for table `mining_recieved`
--
ALTER TABLE `mining_recieved`
  ADD PRIMARY KEY (`mr_id`),
  ADD KEY `mr_user_id` (`mr_user_id`);

--
-- Indexes for table `news`
--
ALTER TABLE `news`
  ADD PRIMARY KEY (`news_id`);

--
-- Indexes for table `packages`
--
ALTER TABLE `packages`
  ADD PRIMARY KEY (`package_id`);

--
-- Indexes for table `paymen_history`
--
ALTER TABLE `paymen_history`
  ADD PRIMARY KEY (`id`);

--
-- Indexes for table `points`
--
ALTER TABLE `points`
  ADD PRIMARY KEY (`point_id`),
  ADD KEY `point_user_id` (`point_user_id`);

--
-- Indexes for table `points_recieved`
--
ALTER TABLE `points_recieved`
  ADD PRIMARY KEY (`pr_id`),
  ADD KEY `pr_user_id` (`pr_user_id`);

--
-- Indexes for table `rewards`
--
ALTER TABLE `rewards`
  ADD PRIMARY KEY (`reward_id`),
  ADD KEY `reward_left_investment` (`reward_left_investment`),
  ADD KEY `reward_right_investment` (`reward_right_investment`);

--
-- Indexes for table `tbl_settings`
--
ALTER TABLE `tbl_settings`
  ADD PRIMARY KEY (`id`),
  ADD KEY `name` (`name`);

--
-- Indexes for table `total_earnings`
--
ALTER TABLE `total_earnings`
  ADD PRIMARY KEY (`te_id`),
  ADD KEY `te_user_id` (`te_user_id`),
  ADD KEY `te_amount` (`te_amount`);

--
-- Indexes for table `users`
--
ALTER TABLE `users`
  ADD PRIMARY KEY (`id`),
  ADD KEY `parent_id` (`parent_id`),
  ADD KEY `beta_parent_id` (`beta_parent_id`),
  ADD KEY `alpha_parent_id` (`alpha_parent_id`),
  ADD KEY `username` (`username`),
  ADD KEY `email` (`email`),
  ADD KEY `position` (`position`),
  ADD KEY `position_2` (`position`);

--
-- Indexes for table `user_balance`
--
ALTER TABLE `user_balance`
  ADD PRIMARY KEY (`ub_id`),
  ADD KEY `user_id` (`user_id`);

--
-- Indexes for table `user_packages`
--
ALTER TABLE `user_packages`
  ADD PRIMARY KEY (`up_id`),
  ADD KEY `up_package_id` (`up_package_id`),
  ADD KEY `up_user_id` (`up_user_id`),
  ADD KEY `up_package_amount` (`up_package_amount`);

--
-- Indexes for table `user_packages_upgrade`
--
ALTER TABLE `user_packages_upgrade`
  ADD PRIMARY KEY (`upu_id`),
  ADD KEY `upu_user_id` (`upu_user_id`),
  ADD KEY `upu_package_id` (`upu_package_id`),
  ADD KEY `upu_package_amount` (`upu_package_amount`),
  ADD KEY `upu_previous_amount` (`upu_previous_amount`);

--
-- Indexes for table `user_rewards`
--
ALTER TABLE `user_rewards`
  ADD PRIMARY KEY (`ur_id`),
  ADD KEY `ur_user_id` (`ur_user_id`),
  ADD KEY `ur_reward_id` (`ur_reward_id`);

--
-- Indexes for table `wallets`
--
ALTER TABLE `wallets`
  ADD PRIMARY KEY (`wallet_id`),
  ADD KEY `wallet_user_id` (`wallet_user_id`);

--
-- Indexes for table `withdraws`
--
ALTER TABLE `withdraws`
  ADD PRIMARY KEY (`withdraw_id`),
  ADD KEY `user_id` (`user_id`);

--
-- Indexes for table `withdraw_controls`
--
ALTER TABLE `withdraw_controls`
  ADD PRIMARY KEY (`control_id`);

--
-- Indexes for table `withdraw_limits`
--
ALTER TABLE `withdraw_limits`
  ADD PRIMARY KEY (`wl_id`);

--
-- AUTO_INCREMENT for dumped tables
--

--
-- AUTO_INCREMENT for table `bitcoins_log`
--
ALTER TABLE `bitcoins_log`
  MODIFY `bl_id` int(11) NOT NULL AUTO_INCREMENT;

--
-- AUTO_INCREMENT for table `countries`
--
ALTER TABLE `countries`
  MODIFY `id` int(11) NOT NULL AUTO_INCREMENT, AUTO_INCREMENT=253;

--
-- AUTO_INCREMENT for table `daily_earnings`
--
ALTER TABLE `daily_earnings`
  MODIFY `de_id` int(11) NOT NULL AUTO_INCREMENT, AUTO_INCREMENT=19570;

--
-- AUTO_INCREMENT for table `deposit_histories`
--
ALTER TABLE `deposit_histories`
  MODIFY `dh_id` int(11) UNSIGNED NOT NULL AUTO_INCREMENT;

--
-- AUTO_INCREMENT for table `expired_packages`
--
ALTER TABLE `expired_packages`
  MODIFY `ep_id` int(11) NOT NULL AUTO_INCREMENT, AUTO_INCREMENT=3;

--
-- AUTO_INCREMENT for table `mining`
--
ALTER TABLE `mining`
  MODIFY `mining_id` int(11) NOT NULL AUTO_INCREMENT;

--
-- AUTO_INCREMENT for table `mining_recieved`
--
ALTER TABLE `mining_recieved`
  MODIFY `mr_id` int(11) NOT NULL AUTO_INCREMENT;

--
-- AUTO_INCREMENT for table `news`
--
ALTER TABLE `news`
  MODIFY `news_id` int(11) UNSIGNED NOT NULL AUTO_INCREMENT;

--
-- AUTO_INCREMENT for table `packages`
--
ALTER TABLE `packages`
  MODIFY `package_id` int(233) NOT NULL AUTO_INCREMENT, AUTO_INCREMENT=8;

--
-- AUTO_INCREMENT for table `paymen_history`
--
ALTER TABLE `paymen_history`
  MODIFY `id` int(11) NOT NULL AUTO_INCREMENT, AUTO_INCREMENT=9;

--
-- AUTO_INCREMENT for table `points`
--
ALTER TABLE `points`
  MODIFY `point_id` int(11) NOT NULL AUTO_INCREMENT, AUTO_INCREMENT=449;

--
-- AUTO_INCREMENT for table `points_recieved`
--
ALTER TABLE `points_recieved`
  MODIFY `pr_id` int(11) NOT NULL AUTO_INCREMENT, AUTO_INCREMENT=8;

--
-- AUTO_INCREMENT for table `rewards`
--
ALTER TABLE `rewards`
  MODIFY `reward_id` int(11) NOT NULL AUTO_INCREMENT, AUTO_INCREMENT=11;

--
-- AUTO_INCREMENT for table `tbl_settings`
--
ALTER TABLE `tbl_settings`
  MODIFY `id` int(11) NOT NULL AUTO_INCREMENT, AUTO_INCREMENT=41;

--
-- AUTO_INCREMENT for table `total_earnings`
--
ALTER TABLE `total_earnings`
  MODIFY `te_id` int(11) NOT NULL AUTO_INCREMENT, AUTO_INCREMENT=573;

--
-- AUTO_INCREMENT for table `users`
--
ALTER TABLE `users`
  MODIFY `id` int(11) NOT NULL AUTO_INCREMENT, AUTO_INCREMENT=714;

--
-- AUTO_INCREMENT for table `user_balance`
--
ALTER TABLE `user_balance`
  MODIFY `ub_id` int(233) NOT NULL AUTO_INCREMENT, AUTO_INCREMENT=178;

--
-- AUTO_INCREMENT for table `user_packages`
--
ALTER TABLE `user_packages`
  MODIFY `up_id` int(11) NOT NULL AUTO_INCREMENT, AUTO_INCREMENT=39;

--
-- AUTO_INCREMENT for table `user_packages_upgrade`
--
ALTER TABLE `user_packages_upgrade`
  MODIFY `upu_id` int(11) NOT NULL AUTO_INCREMENT, AUTO_INCREMENT=11;

--
-- AUTO_INCREMENT for table `user_rewards`
--
ALTER TABLE `user_rewards`
  MODIFY `ur_id` int(11) NOT NULL AUTO_INCREMENT, AUTO_INCREMENT=2;

--
-- AUTO_INCREMENT for table `wallets`
--
ALTER TABLE `wallets`
  MODIFY `wallet_id` int(11) NOT NULL AUTO_INCREMENT, AUTO_INCREMENT=178;

--
-- AUTO_INCREMENT for table `withdraws`
--
ALTER TABLE `withdraws`
  MODIFY `withdraw_id` int(233) NOT NULL AUTO_INCREMENT, AUTO_INCREMENT=13;

--
-- AUTO_INCREMENT for table `withdraw_controls`
--
ALTER TABLE `withdraw_controls`
  MODIFY `control_id` int(11) NOT NULL AUTO_INCREMENT;

--
-- AUTO_INCREMENT for table `withdraw_limits`
--
ALTER TABLE `withdraw_limits`
  MODIFY `wl_id` int(11) NOT NULL AUTO_INCREMENT, AUTO_INCREMENT=2;
COMMIT;

/*!40101 SET CHARACTER_SET_CLIENT=@OLD_CHARACTER_SET_CLIENT */;
/*!40101 SET CHARACTER_SET_RESULTS=@OLD_CHARACTER_SET_RESULTS */;
/*!40101 SET COLLATION_CONNECTION=@OLD_COLLATION_CONNECTION */;
